user_id,iso_year,iso_week,Uj_oszlop,esemeny_db
71618.0,2025,8,Admin,1
71618.0,2025,8,Extra,1
71618.0,2025,8,Orai,12
71618.0,2025,9,Extra,1
71618.0,2025,9,Orai,8
71618.0,2025,10,Admin,1
71618.0,2025,10,Extra,1
71618.0,2025,10,Orai,7
71618.0,2025,11,Extra,1
71618.0,2025,11,Orai,7
71618.0,2025,12,Admin,1
71618.0,2025,12,Extra,46
71618.0,2025,12,Hazi,20
71618.0,2025,12,Orai,11
71618.0,2025,13,Admin,15
71618.0,2025,13,Extra,5
71618.0,2025,13,Hazi,2
71618.0,2025,13,Orai,5
71618.0,2025,13,Szamonkeres,36
71618.0,2025,14,Admin,14
71618.0,2025,14,Extra,1
71618.0,2025,14,Hazi,3
71618.0,2025,14,Orai,7
71618.0,2025,15,Admin,4
71618.0,2025,15,Hazi,36
71618.0,2025,15,Orai,2
71618.0,2025,16,Admin,8
71618.0,2025,16,Hazi,3
71618.0,2025,18,Admin,1
71618.0,2025,19,Extra,4
71618.0,2025,19,Orai,17
71618.0,2025,20,Admin,11
71618.0,2025,20,Orai,5
71618.0,2025,20,Szamonkeres,38
71618.0,2025,21,Admin,10
71618.0,2025,22,Admin,2
71618.0,2025,22,Extra,2
71618.0,2025,22,Orai,2
84191.0,2025,8,Admin,1
84191.0,2025,8,Extra,1
84191.0,2025,8,Orai,12
84191.0,2025,9,Orai,7
84191.0,2025,10,Extra,4
84191.0,2025,10,Hazi,2
84191.0,2025,10,Orai,13
84191.0,2025,11,Extra,12
84191.0,2025,11,Hazi,3
84191.0,2025,11,Orai,20
84191.0,2025,12,Extra,8
84191.0,2025,12,Hazi,18
84191.0,2025,12,Orai,9
84191.0,2025,13,Admin,35
84191.0,2025,13,Extra,28
84191.0,2025,13,Hazi,10
84191.0,2025,13,Orai,8
84191.0,2025,13,Szamonkeres,21
84191.0,2025,14,Admin,10
84191.0,2025,14,Extra,1
84191.0,2025,14,Hazi,6
84191.0,2025,14,Orai,3
84191.0,2025,15,Admin,6
84191.0,2025,15,Extra,5
84191.0,2025,15,Hazi,27
84191.0,2025,15,Orai,8
84191.0,2025,16,Orai,1
84191.0,2025,17,Admin,6
84191.0,2025,17,Hazi,6
84191.0,2025,18,Extra,2
84191.0,2025,18,Orai,6
84191.0,2025,19,Extra,5
84191.0,2025,19,Orai,10
84191.0,2025,20,Admin,3
84191.0,2025,20,Extra,5
84191.0,2025,20,Orai,16
84191.0,2025,20,Szamonkeres,32
84191.0,2025,21,Admin,5
84191.0,2025,21,Hazi,4
84191.0,2025,26,Extra,1
94189.0,2025,11,Hazi,2
94189.0,2025,11,Orai,1
94189.0,2025,15,Admin,6
94189.0,2025,15,Hazi,2
94189.0,2025,15,Szamonkeres,2
94189.0,2025,16,Hazi,13
94189.0,2025,18,Admin,14
94189.0,2025,18,Extra,9
94189.0,2025,18,Hazi,3
94189.0,2025,18,Orai,23
94189.0,2025,19,Admin,14
94189.0,2025,19,Extra,30
94189.0,2025,19,Orai,16
94189.0,2025,20,Admin,48
94189.0,2025,20,Extra,33
94189.0,2025,20,Orai,35
94189.0,2025,20,Szamonkeres,33
94189.0,2025,21,Admin,7
94189.0,2025,24,Admin,35
94189.0,2025,24,Orai,2
95966.0,2025,8,Admin,2
95966.0,2025,8,Orai,13
95966.0,2025,9,Admin,1
95966.0,2025,9,Orai,7
95966.0,2025,10,Admin,1
95966.0,2025,10,Hazi,2
95966.0,2025,10,Orai,3
95966.0,2025,11,Admin,1
95966.0,2025,11,Orai,1
95966.0,2025,12,Admin,1
95966.0,2025,12,Extra,1
95966.0,2025,12,Hazi,6
95966.0,2025,12,Orai,4
95966.0,2025,13,Admin,25
95966.0,2025,13,Extra,60
95966.0,2025,13,Hazi,3
95966.0,2025,13,Orai,10
95966.0,2025,13,Szamonkeres,16
95966.0,2025,14,Admin,20
95966.0,2025,15,Admin,15
95966.0,2025,15,Hazi,16
95966.0,2025,15,Orai,1
95966.0,2025,16,Admin,1
95966.0,2025,16,Hazi,3
95966.0,2025,18,Admin,1
95966.0,2025,18,Orai,2
95966.0,2025,19,Admin,2
95966.0,2025,19,Orai,5
95966.0,2025,20,Admin,34
95966.0,2025,20,Orai,12
95966.0,2025,20,Szamonkeres,18
95966.0,2025,21,Admin,25
95966.0,2025,21,Hazi,5
95966.0,2025,21,Szamonkeres,3
106458.0,2025,8,Admin,1
106458.0,2025,8,Orai,12
106458.0,2025,9,Orai,3
106458.0,2025,10,Orai,7
106458.0,2025,11,Orai,5
106458.0,2025,12,Admin,1
106458.0,2025,12,Extra,8
106458.0,2025,12,Hazi,26
106458.0,2025,12,Orai,6
106458.0,2025,13,Admin,4
106458.0,2025,13,Extra,34
106458.0,2025,13,Orai,12
106458.0,2025,13,Szamonkeres,37
106458.0,2025,14,Admin,2
106458.0,2025,15,Admin,9
106458.0,2025,15,Hazi,31
106458.0,2025,16,Admin,7
106458.0,2025,16,Hazi,9
106458.0,2025,17,Admin,5
106458.0,2025,17,Hazi,6
106458.0,2025,18,Admin,3
106458.0,2025,18,Orai,3
106458.0,2025,18,Szamonkeres,3
106458.0,2025,19,Admin,3
106458.0,2025,19,Orai,4
106458.0,2025,20,Admin,21
106458.0,2025,20,Orai,11
106458.0,2025,20,Szamonkeres,21
106458.0,2025,21,Admin,2
106458.0,2025,21,Szamonkeres,3
106574.0,2025,8,Admin,1
106574.0,2025,8,Orai,4
106574.0,2025,9,Orai,1
106574.0,2025,11,Hazi,2
106574.0,2025,12,Hazi,16
106574.0,2025,12,Orai,2
106574.0,2025,13,Admin,9
106574.0,2025,13,Extra,8
106574.0,2025,13,Orai,13
106574.0,2025,13,Szamonkeres,40
106574.0,2025,14,Admin,1
106574.0,2025,15,Admin,2
106574.0,2025,15,Hazi,18
106574.0,2025,18,Admin,3
106574.0,2025,19,Admin,10
106574.0,2025,19,Hazi,7
106574.0,2025,20,Admin,23
106574.0,2025,20,Orai,4
106574.0,2025,20,Szamonkeres,28
106574.0,2025,21,Admin,3
106599.0,2025,8,Admin,4
106599.0,2025,8,Orai,14
106599.0,2025,10,Hazi,2
106599.0,2025,10,Orai,3
106599.0,2025,11,Orai,2
106599.0,2025,12,Extra,5
106599.0,2025,12,Hazi,14
106599.0,2025,12,Orai,1
106599.0,2025,13,Admin,7
106599.0,2025,13,Extra,33
106599.0,2025,13,Orai,6
106599.0,2025,13,Szamonkeres,34
106599.0,2025,14,Admin,15
106599.0,2025,15,Admin,9
106599.0,2025,15,Hazi,23
106599.0,2025,15,Orai,1
106599.0,2025,17,Hazi,4
106599.0,2025,20,Admin,16
106599.0,2025,20,Orai,11
106599.0,2025,20,Szamonkeres,29
106599.0,2025,21,Admin,17
106599.0,2025,21,Szamonkeres,4
106599.0,2025,22,Admin,2
106658.0,2025,8,Admin,2
106658.0,2025,8,Orai,6
106658.0,2025,9,Orai,3
106658.0,2025,10,Orai,4
106658.0,2025,11,Extra,1
106658.0,2025,11,Orai,1
106658.0,2025,12,Hazi,17
106658.0,2025,12,Orai,3
106658.0,2025,13,Admin,3
106658.0,2025,13,Extra,37
106658.0,2025,13,Orai,22
106658.0,2025,13,Szamonkeres,39
106658.0,2025,14,Admin,2
106658.0,2025,14,Orai,5
106658.0,2025,15,Hazi,16
106658.0,2025,15,Orai,1
106658.0,2025,16,Admin,6
106658.0,2025,16,Hazi,9
106658.0,2025,18,Admin,6
106658.0,2025,18,Orai,1
106658.0,2025,19,Admin,1
106658.0,2025,19,Extra,2
106658.0,2025,19,Orai,7
106658.0,2025,20,Admin,9
106658.0,2025,20,Extra,1
106658.0,2025,20,Orai,9
106658.0,2025,20,Szamonkeres,21
106658.0,2025,21,Admin,7
106745.0,2025,8,Admin,2
106745.0,2025,8,Orai,5
106745.0,2025,9,Extra,1
106745.0,2025,9,Orai,5
106745.0,2025,10,Orai,7
106745.0,2025,11,Extra,2
106745.0,2025,11,Orai,2
106745.0,2025,12,Extra,15
106745.0,2025,12,Hazi,31
106745.0,2025,12,Orai,3
106745.0,2025,13,Admin,11
106745.0,2025,13,Extra,57
106745.0,2025,13,Hazi,8
106745.0,2025,13,Orai,31
106745.0,2025,13,Szamonkeres,43
106745.0,2025,14,Admin,2
106745.0,2025,14,Hazi,2
106745.0,2025,15,Admin,3
106745.0,2025,15,Hazi,21
106745.0,2025,15,Szamonkeres,2
106745.0,2025,16,Hazi,2
106745.0,2025,18,Admin,10
106745.0,2025,18,Extra,1
106745.0,2025,18,Hazi,6
106745.0,2025,19,Admin,1
106745.0,2025,19,Orai,4
106745.0,2025,19,Szamonkeres,3
106745.0,2025,20,Admin,24
106745.0,2025,20,Hazi,3
106745.0,2025,20,Orai,27
106745.0,2025,20,Szamonkeres,39
106745.0,2025,21,Admin,2
106811.0,2025,8,Admin,1
106811.0,2025,8,Orai,7
106811.0,2025,10,Extra,1
106811.0,2025,10,Orai,8
106811.0,2025,11,Extra,1
106811.0,2025,11,Orai,2
106811.0,2025,12,Admin,1
106811.0,2025,12,Hazi,15
106811.0,2025,12,Orai,3
106811.0,2025,13,Admin,4
106811.0,2025,13,Extra,29
106811.0,2025,13,Hazi,2
106811.0,2025,13,Orai,5
106811.0,2025,13,Szamonkeres,54
106811.0,2025,14,Hazi,4
106811.0,2025,14,Szamonkeres,2
106811.0,2025,15,Admin,8
106811.0,2025,15,Hazi,18
106811.0,2025,16,Admin,4
106811.0,2025,16,Hazi,5
106811.0,2025,17,Admin,9
106811.0,2025,17,Hazi,6
106811.0,2025,17,Orai,1
106811.0,2025,18,Extra,1
106811.0,2025,18,Hazi,3
106811.0,2025,18,Orai,3
106811.0,2025,19,Admin,1
106811.0,2025,20,Admin,18
106811.0,2025,20,Extra,2
106811.0,2025,20,Orai,12
106811.0,2025,20,Szamonkeres,33
106811.0,2025,21,Admin,9
106976.0,2025,8,Orai,7
106976.0,2025,10,Admin,1
106976.0,2025,10,Orai,2
106976.0,2025,11,Orai,5
106976.0,2025,12,Admin,1
106976.0,2025,12,Extra,11
106976.0,2025,12,Hazi,99
106976.0,2025,12,Orai,21
106976.0,2025,13,Admin,31
106976.0,2025,13,Extra,40
106976.0,2025,13,Hazi,10
106976.0,2025,13,Orai,14
106976.0,2025,13,Szamonkeres,19
106976.0,2025,14,Hazi,1
106976.0,2025,15,Admin,2
106976.0,2025,15,Hazi,42
106976.0,2025,15,Orai,6
106976.0,2025,15,Szamonkeres,2
106976.0,2025,17,Admin,1
106976.0,2025,19,Extra,2
106976.0,2025,19,Orai,3
106976.0,2025,20,Admin,32
106976.0,2025,20,Hazi,2
106976.0,2025,20,Orai,4
106976.0,2025,20,Szamonkeres,40
106976.0,2025,21,Admin,9
106976.0,2025,21,Hazi,3
106976.0,2025,21,Orai,2
106976.0,2025,22,Admin,7
107015.0,2025,8,Admin,1
107015.0,2025,8,Orai,5
107015.0,2025,10,Orai,3
107015.0,2025,12,Extra,3
107015.0,2025,12,Hazi,15
107015.0,2025,12,Orai,11
107015.0,2025,13,Admin,17
107015.0,2025,13,Extra,13
107015.0,2025,13,Orai,2
107015.0,2025,13,Szamonkeres,26
107015.0,2025,14,Admin,1
107015.0,2025,14,Orai,1
107015.0,2025,15,Hazi,17
107015.0,2025,15,Orai,1
107015.0,2025,19,Orai,1
107015.0,2025,20,Admin,26
107015.0,2025,20,Extra,2
107015.0,2025,20,Hazi,6
107015.0,2025,20,Orai,13
107015.0,2025,20,Szamonkeres,16
107015.0,2025,21,Admin,2
107123.0,2025,8,Extra,2
107123.0,2025,8,Orai,18
107123.0,2025,9,Orai,4
107123.0,2025,10,Orai,3
107123.0,2025,11,Extra,1
107123.0,2025,11,Orai,3
107123.0,2025,12,Extra,15
107123.0,2025,12,Hazi,16
107123.0,2025,12,Orai,4
107123.0,2025,13,Extra,15
107123.0,2025,13,Orai,1
107123.0,2025,13,Szamonkeres,59
107123.0,2025,14,Admin,6
107123.0,2025,14,Hazi,16
107123.0,2025,14,Orai,5
107123.0,2025,15,Admin,5
107123.0,2025,15,Extra,1
107123.0,2025,15,Orai,3
107123.0,2025,16,Orai,2
107123.0,2025,18,Orai,5
107123.0,2025,19,Admin,6
107123.0,2025,19,Extra,2
107123.0,2025,19,Hazi,3
107123.0,2025,19,Orai,3
107123.0,2025,20,Admin,34
107123.0,2025,20,Szamonkeres,24
107123.0,2025,21,Admin,3
107123.0,2025,23,Szamonkeres,25
107317.0,2025,8,Admin,1
107317.0,2025,8,Orai,12
107317.0,2025,9,Orai,3
107317.0,2025,10,Orai,3
107317.0,2025,11,Orai,2
107317.0,2025,12,Hazi,19
107317.0,2025,12,Orai,1
107317.0,2025,13,Admin,7
107317.0,2025,13,Extra,9
107317.0,2025,13,Hazi,5
107317.0,2025,13,Orai,24
107317.0,2025,13,Szamonkeres,38
107317.0,2025,14,Extra,3
107317.0,2025,14,Orai,3
107317.0,2025,15,Hazi,17
107317.0,2025,17,Admin,1
107317.0,2025,17,Hazi,2
107317.0,2025,18,Extra,1
107317.0,2025,18,Orai,2
107317.0,2025,19,Orai,2
107317.0,2025,20,Admin,52
107317.0,2025,20,Extra,3
107317.0,2025,20,Orai,19
107317.0,2025,20,Szamonkeres,18
107317.0,2025,21,Admin,1
113217.0,2025,12,Extra,1
113217.0,2025,12,Hazi,19
113217.0,2025,12,Orai,3
113217.0,2025,15,Hazi,17
113217.0,2025,20,Admin,1
113217.0,2025,20,Hazi,28
113217.0,2025,22,Admin,8
113217.0,2025,23,Extra,1
113217.0,2025,23,Hazi,2
113217.0,2025,23,Orai,1
113217.0,2025,24,Admin,52
113217.0,2025,24,Extra,3
113217.0,2025,24,Hazi,2
113217.0,2025,24,Orai,28
113222.0,2025,8,Orai,12
113222.0,2025,9,Orai,2
113222.0,2025,10,Orai,5
113222.0,2025,11,Extra,1
113222.0,2025,11,Orai,2
113222.0,2025,12,Extra,23
113222.0,2025,12,Hazi,19
113222.0,2025,12,Orai,8
113222.0,2025,13,Admin,6
113222.0,2025,13,Extra,1
113222.0,2025,13,Orai,1
113222.0,2025,13,Szamonkeres,30
113222.0,2025,14,Hazi,4
113222.0,2025,15,Admin,9
113222.0,2025,15,Hazi,15
113222.0,2025,15,Orai,1
113222.0,2025,16,Admin,3
113222.0,2025,16,Hazi,3
113222.0,2025,18,Extra,1
113222.0,2025,18,Orai,7
113222.0,2025,19,Extra,1
113222.0,2025,19,Orai,2
113222.0,2025,20,Admin,15
113222.0,2025,20,Orai,6
113222.0,2025,20,Szamonkeres,29
113222.0,2025,21,Admin,3
113224.0,2025,8,Orai,6
113224.0,2025,9,Orai,2
113224.0,2025,10,Orai,2
113224.0,2025,11,Hazi,4
113224.0,2025,11,Orai,17
113224.0,2025,12,Extra,1
113224.0,2025,12,Hazi,15
113224.0,2025,12,Orai,1
113224.0,2025,13,Admin,34
113224.0,2025,13,Extra,16
113224.0,2025,13,Orai,1
113224.0,2025,13,Szamonkeres,36
113224.0,2025,14,Admin,12
113224.0,2025,14,Hazi,17
113224.0,2025,14,Orai,1
113224.0,2025,15,Admin,2
113224.0,2025,15,Hazi,2
113224.0,2025,16,Hazi,5
113224.0,2025,18,Hazi,3
113224.0,2025,18,Orai,4
113224.0,2025,20,Admin,22
113224.0,2025,20,Extra,1
113224.0,2025,20,Orai,6
113224.0,2025,20,Szamonkeres,16
113224.0,2025,21,Admin,14
113224.0,2025,21,Orai,4
113226.0,2025,8,Admin,1
113226.0,2025,8,Orai,2
113226.0,2025,9,Orai,1
113226.0,2025,10,Orai,5
113226.0,2025,11,Orai,2
113226.0,2025,12,Extra,2
113226.0,2025,12,Hazi,19
113226.0,2025,12,Orai,2
113226.0,2025,13,Hazi,2
113226.0,2025,15,Admin,3
113226.0,2025,15,Extra,2
113226.0,2025,15,Hazi,20
113226.0,2025,15,Orai,9
113226.0,2025,19,Admin,4
113226.0,2025,20,Admin,2
113226.0,2025,20,Extra,8
113226.0,2025,20,Hazi,15
113226.0,2025,20,Orai,5
113226.0,2025,21,Admin,2
113226.0,2025,22,Admin,4
113226.0,2025,22,Orai,9
113226.0,2025,23,Admin,4
113226.0,2025,23,Orai,2
113226.0,2025,23,Szamonkeres,38
113226.0,2025,24,Admin,5
113227.0,2025,9,Admin,1
113227.0,2025,9,Orai,1
113227.0,2025,10,Orai,2
113227.0,2025,11,Extra,1
113227.0,2025,11,Orai,1
113227.0,2025,12,Hazi,8
113227.0,2025,13,Admin,1
113227.0,2025,13,Extra,23
113227.0,2025,13,Hazi,11
113227.0,2025,13,Orai,6
113227.0,2025,13,Szamonkeres,29
113227.0,2025,14,Admin,2
113227.0,2025,14,Extra,3
113227.0,2025,14,Hazi,19
113227.0,2025,14,Orai,2
113227.0,2025,14,Szamonkeres,2
113227.0,2025,15,Orai,1
113227.0,2025,18,Admin,5
113227.0,2025,19,Orai,1
113227.0,2025,20,Extra,4
113227.0,2025,20,Orai,11
113227.0,2025,20,Szamonkeres,32
113227.0,2025,21,Admin,9
113227.0,2025,21,Hazi,6
113229.0,2025,8,Orai,5
113229.0,2025,9,Admin,1
113229.0,2025,9,Orai,3
113229.0,2025,10,Orai,1
113229.0,2025,12,Hazi,21
113229.0,2025,13,Admin,1
113229.0,2025,13,Extra,18
113229.0,2025,13,Orai,16
113229.0,2025,13,Szamonkeres,34
113229.0,2025,15,Hazi,18
113229.0,2025,16,Admin,6
113229.0,2025,19,Orai,5
113229.0,2025,20,Admin,14
113229.0,2025,20,Orai,8
113229.0,2025,20,Szamonkeres,48
113229.0,2025,21,Admin,3
113234.0,2025,8,Admin,1
113234.0,2025,8,Orai,9
113234.0,2025,9,Orai,11
113234.0,2025,10,Hazi,10
113234.0,2025,10,Orai,19
113234.0,2025,11,Admin,3
113234.0,2025,11,Extra,3
113234.0,2025,11,Orai,9
113234.0,2025,12,Admin,1
113234.0,2025,12,Extra,55
113234.0,2025,12,Hazi,13
113234.0,2025,12,Orai,8
113234.0,2025,13,Admin,15
113234.0,2025,13,Extra,4
113234.0,2025,13,Orai,4
113234.0,2025,13,Szamonkeres,33
113234.0,2025,14,Admin,10
113234.0,2025,14,Extra,1
113234.0,2025,14,Hazi,11
113234.0,2025,14,Orai,2
113234.0,2025,15,Admin,12
113234.0,2025,15,Hazi,13
113234.0,2025,15,Szamonkeres,3
113234.0,2025,18,Hazi,3
113234.0,2025,19,Orai,10
113234.0,2025,20,Admin,32
113234.0,2025,20,Orai,2
113234.0,2025,20,Szamonkeres,17
113234.0,2025,21,Admin,9
113239.0,2025,8,Orai,6
113239.0,2025,9,Orai,1
113239.0,2025,10,Orai,2
113239.0,2025,11,Extra,1
113239.0,2025,11,Orai,1
113239.0,2025,12,Hazi,37
113239.0,2025,12,Orai,11
113239.0,2025,13,Admin,4
113239.0,2025,13,Extra,28
113239.0,2025,13,Orai,10
113239.0,2025,13,Szamonkeres,44
113239.0,2025,14,Hazi,1
113239.0,2025,15,Hazi,14
113239.0,2025,19,Admin,2
113239.0,2025,19,Hazi,2
113239.0,2025,19,Orai,1
113239.0,2025,20,Admin,21
113239.0,2025,20,Orai,5
113239.0,2025,20,Szamonkeres,23
113239.0,2025,21,Admin,7
113241.0,2025,8,Orai,4
113241.0,2025,9,Orai,5
113241.0,2025,10,Admin,3
113241.0,2025,10,Hazi,2
113241.0,2025,10,Orai,3
113241.0,2025,11,Orai,10
113241.0,2025,12,Admin,1
113241.0,2025,12,Hazi,15
113241.0,2025,12,Orai,3
113241.0,2025,13,Extra,6
113241.0,2025,13,Orai,5
113241.0,2025,13,Szamonkeres,45
113241.0,2025,14,Admin,8
113241.0,2025,14,Hazi,3
113241.0,2025,14,Orai,1
113241.0,2025,15,Admin,9
113241.0,2025,15,Hazi,16
113241.0,2025,15,Orai,3
113241.0,2025,16,Hazi,3
113241.0,2025,18,Extra,1
113241.0,2025,18,Hazi,3
113241.0,2025,18,Orai,1
113241.0,2025,19,Hazi,3
113241.0,2025,19,Orai,1
113241.0,2025,20,Admin,23
113241.0,2025,20,Orai,1
113241.0,2025,20,Szamonkeres,14
113241.0,2025,21,Admin,8
113241.0,2025,21,Hazi,3
113241.0,2025,22,Admin,1
113245.0,2025,8,Admin,2
113245.0,2025,8,Orai,5
113245.0,2025,9,Orai,3
113245.0,2025,11,Admin,2
113245.0,2025,11,Hazi,2
113245.0,2025,11,Orai,5
113245.0,2025,12,Admin,2
113245.0,2025,12,Hazi,2
113245.0,2025,13,Admin,20
113245.0,2025,13,Extra,19
113245.0,2025,13,Orai,4
113245.0,2025,13,Szamonkeres,18
113245.0,2025,14,Admin,1
113245.0,2025,15,Admin,2
113245.0,2025,15,Extra,1
113245.0,2025,15,Hazi,16
113245.0,2025,15,Orai,5
113245.0,2025,19,Admin,3
113245.0,2025,19,Orai,11
113245.0,2025,20,Admin,23
113245.0,2025,20,Extra,1
113245.0,2025,20,Orai,16
113245.0,2025,20,Szamonkeres,20
113245.0,2025,21,Admin,3
113251.0,2025,8,Admin,2
113251.0,2025,8,Extra,8
113251.0,2025,8,Orai,20
113251.0,2025,9,Orai,4
113251.0,2025,10,Extra,2
113251.0,2025,10,Orai,12
113251.0,2025,11,Extra,1
113251.0,2025,11,Hazi,2
113251.0,2025,11,Orai,8
113251.0,2025,12,Admin,1
113251.0,2025,12,Extra,62
113251.0,2025,12,Hazi,29
113251.0,2025,12,Orai,45
113251.0,2025,13,Admin,24
113251.0,2025,13,Extra,5
113251.0,2025,13,Orai,7
113251.0,2025,13,Szamonkeres,24
113251.0,2025,14,Admin,2
113251.0,2025,14,Hazi,2
113251.0,2025,14,Orai,5
113251.0,2025,15,Admin,44
113251.0,2025,15,Extra,4
113251.0,2025,15,Hazi,29
113251.0,2025,15,Orai,8
113251.0,2025,15,Szamonkeres,3
113251.0,2025,16,Admin,7
113251.0,2025,16,Orai,5
113251.0,2025,17,Orai,4
113251.0,2025,18,Extra,1
113251.0,2025,18,Orai,7
113251.0,2025,19,Orai,13
113251.0,2025,20,Admin,18
113251.0,2025,20,Extra,2
113251.0,2025,20,Orai,1
113251.0,2025,20,Szamonkeres,30
113251.0,2025,21,Admin,21
113251.0,2025,21,Hazi,3
113251.0,2025,22,Extra,18
113251.0,2025,22,Orai,10
113251.0,2025,23,Admin,18
113251.0,2025,23,Orai,1
113251.0,2025,23,Szamonkeres,18
113251.0,2025,24,Admin,5
113251.0,2025,25,Admin,4
113251.0,2025,25,Szamonkeres,1
113256.0,2025,8,Orai,9
113256.0,2025,9,Orai,5
113256.0,2025,10,Orai,6
113256.0,2025,11,Admin,1
113256.0,2025,11,Extra,1
113256.0,2025,11,Orai,4
113256.0,2025,12,Extra,23
113256.0,2025,12,Hazi,25
113256.0,2025,12,Orai,10
113256.0,2025,13,Admin,3
113256.0,2025,13,Szamonkeres,30
113256.0,2025,14,Hazi,3
113256.0,2025,14,Orai,2
113256.0,2025,15,Admin,5
113256.0,2025,15,Hazi,37
113256.0,2025,15,Orai,1
113256.0,2025,18,Extra,1
113256.0,2025,18,Orai,3
113256.0,2025,19,Orai,5
113256.0,2025,20,Admin,18
113256.0,2025,20,Szamonkeres,20
113256.0,2025,21,Admin,2
113257.0,2025,8,Orai,2
113257.0,2025,9,Orai,1
113257.0,2025,10,Extra,1
113257.0,2025,10,Orai,2
113257.0,2025,12,Hazi,15
113257.0,2025,12,Orai,2
113257.0,2025,13,Extra,15
113257.0,2025,13,Szamonkeres,37
113257.0,2025,14,Szamonkeres,2
113257.0,2025,15,Admin,6
113257.0,2025,15,Hazi,20
113257.0,2025,15,Orai,1
113257.0,2025,17,Admin,3
113257.0,2025,19,Admin,5
113257.0,2025,20,Admin,4
113257.0,2025,20,Hazi,8
113257.0,2025,21,Admin,3
113257.0,2025,23,Admin,67
113257.0,2025,23,Szamonkeres,22
113257.0,2025,24,Admin,8
113257.0,2025,24,Szamonkeres,3
113257.0,2025,25,Admin,2
113260.0,2025,9,Extra,1
113260.0,2025,9,Orai,7
113260.0,2025,10,Orai,2
113260.0,2025,11,Admin,1
113260.0,2025,11,Extra,1
113260.0,2025,11,Orai,2
113260.0,2025,12,Extra,38
113260.0,2025,12,Hazi,19
113260.0,2025,12,Orai,28
113260.0,2025,13,Admin,11
113260.0,2025,13,Extra,16
113260.0,2025,13,Hazi,3
113260.0,2025,13,Orai,3
113260.0,2025,13,Szamonkeres,42
113260.0,2025,14,Hazi,1
113260.0,2025,14,Orai,2
113260.0,2025,15,Admin,2
113260.0,2025,15,Hazi,18
113260.0,2025,15,Orai,3
113260.0,2025,20,Admin,37
113260.0,2025,20,Orai,24
113260.0,2025,20,Szamonkeres,12
113260.0,2025,21,Admin,7
113260.0,2025,21,Hazi,6
113260.0,2025,21,Orai,2
113263.0,2025,8,Admin,1
113263.0,2025,8,Orai,4
113263.0,2025,10,Admin,1
113263.0,2025,10,Orai,3
113263.0,2025,11,Orai,3
113263.0,2025,12,Admin,1
113263.0,2025,12,Extra,2
113263.0,2025,12,Hazi,30
113263.0,2025,13,Admin,7
113263.0,2025,13,Extra,12
113263.0,2025,13,Hazi,2
113263.0,2025,13,Orai,10
113263.0,2025,13,Szamonkeres,32
113263.0,2025,14,Admin,4
113263.0,2025,14,Hazi,4
113263.0,2025,16,Admin,2
113263.0,2025,16,Hazi,7
113263.0,2025,20,Admin,12
113263.0,2025,20,Orai,2
113263.0,2025,20,Szamonkeres,38
113263.0,2025,21,Admin,10
113263.0,2025,21,Szamonkeres,3
113264.0,2025,8,Admin,2
113264.0,2025,8,Orai,6
113264.0,2025,9,Orai,5
113264.0,2025,10,Orai,2
113264.0,2025,11,Extra,1
113264.0,2025,11,Orai,2
113264.0,2025,12,Admin,2
113264.0,2025,12,Extra,8
113264.0,2025,12,Hazi,15
113264.0,2025,12,Orai,35
113264.0,2025,13,Admin,69
113264.0,2025,13,Extra,27
113264.0,2025,13,Hazi,3
113264.0,2025,13,Orai,24
113264.0,2025,13,Szamonkeres,25
113264.0,2025,14,Admin,75
113264.0,2025,14,Hazi,17
113264.0,2025,14,Orai,3
113264.0,2025,14,Szamonkeres,2
113264.0,2025,15,Admin,30
113264.0,2025,15,Hazi,2
113264.0,2025,15,Orai,2
113264.0,2025,19,Admin,3
113264.0,2025,19,Extra,9
113264.0,2025,19,Hazi,1
113264.0,2025,19,Orai,44
113264.0,2025,20,Admin,47
113264.0,2025,20,Szamonkeres,27
113264.0,2025,21,Admin,28
113264.0,2025,22,Hazi,1
113265.0,2025,11,Orai,4
113265.0,2025,12,Hazi,27
113265.0,2025,15,Hazi,14
113265.0,2025,20,Hazi,18
113265.0,2025,22,Extra,6
113265.0,2025,22,Orai,18
113265.0,2025,23,Admin,13
113265.0,2025,23,Extra,4
113265.0,2025,23,Orai,9
113265.0,2025,23,Szamonkeres,24
113265.0,2025,24,Admin,6
113265.0,2025,25,Admin,3
113267.0,2025,8,Admin,1
113267.0,2025,8,Orai,3
113267.0,2025,9,Orai,3
113267.0,2025,11,Extra,1
113267.0,2025,11,Orai,2
113267.0,2025,12,Admin,1
113267.0,2025,12,Extra,1
113267.0,2025,12,Hazi,13
113267.0,2025,12,Orai,6
113267.0,2025,13,Admin,2
113267.0,2025,13,Extra,44
113267.0,2025,13,Orai,30
113267.0,2025,13,Szamonkeres,34
113267.0,2025,14,Orai,2
113267.0,2025,15,Hazi,14
113267.0,2025,15,Orai,2
113267.0,2025,18,Admin,2
113267.0,2025,18,Orai,1
113267.0,2025,19,Admin,1
113267.0,2025,20,Admin,13
113267.0,2025,20,Extra,2
113267.0,2025,20,Orai,9
113267.0,2025,20,Szamonkeres,15
113267.0,2025,21,Admin,1
113267.0,2025,22,Extra,2
113267.0,2025,22,Orai,11
113270.0,2025,8,Admin,2
113270.0,2025,8,Orai,12
113270.0,2025,9,Orai,9
113270.0,2025,10,Hazi,2
113270.0,2025,10,Orai,2
113270.0,2025,11,Extra,1
113270.0,2025,11,Orai,2
113270.0,2025,12,Admin,2
113270.0,2025,12,Extra,26
113270.0,2025,12,Hazi,14
113270.0,2025,12,Orai,26
113270.0,2025,13,Admin,12
113270.0,2025,13,Extra,13
113270.0,2025,13,Hazi,5
113270.0,2025,13,Orai,2
113270.0,2025,13,Szamonkeres,31
113270.0,2025,14,Admin,14
113270.0,2025,14,Extra,1
113270.0,2025,14,Hazi,19
113270.0,2025,14,Orai,4
113270.0,2025,14,Szamonkeres,4
113270.0,2025,15,Admin,5
113270.0,2025,15,Hazi,2
113270.0,2025,17,Admin,3
113270.0,2025,17,Hazi,2
113270.0,2025,18,Admin,2
113270.0,2025,18,Hazi,4
113270.0,2025,18,Orai,9
113270.0,2025,19,Admin,2
113270.0,2025,19,Hazi,3
113270.0,2025,19,Orai,20
113270.0,2025,20,Admin,23
113270.0,2025,20,Hazi,3
113270.0,2025,20,Szamonkeres,12
113270.0,2025,21,Admin,27
113270.0,2025,21,Hazi,2
113274.0,2025,8,Admin,1
113274.0,2025,8,Orai,3
113274.0,2025,9,Admin,1
113274.0,2025,9,Orai,3
113274.0,2025,10,Hazi,2
113274.0,2025,10,Orai,2
113274.0,2025,11,Extra,1
113274.0,2025,11,Hazi,2
113274.0,2025,11,Orai,2
113274.0,2025,12,Admin,2
113274.0,2025,12,Extra,7
113274.0,2025,12,Hazi,19
113274.0,2025,12,Orai,20
113274.0,2025,13,Admin,4
113274.0,2025,13,Extra,24
113274.0,2025,13,Orai,7
113274.0,2025,13,Szamonkeres,49
113274.0,2025,14,Admin,4
113274.0,2025,14,Orai,3
113274.0,2025,14,Szamonkeres,2
113274.0,2025,15,Admin,4
113274.0,2025,15,Hazi,14
113274.0,2025,15,Orai,1
113274.0,2025,17,Admin,7
113274.0,2025,17,Hazi,6
113274.0,2025,18,Orai,4
113274.0,2025,19,Orai,1
113274.0,2025,20,Admin,27
113274.0,2025,20,Orai,3
113274.0,2025,20,Szamonkeres,24
113274.0,2025,21,Admin,1
113277.0,2025,8,Admin,2
113277.0,2025,8,Orai,18
113277.0,2025,9,Orai,9
113277.0,2025,10,Admin,1
113277.0,2025,10,Hazi,2
113277.0,2025,11,Hazi,2
113277.0,2025,12,Admin,1
113277.0,2025,12,Extra,5
113277.0,2025,12,Hazi,19
113277.0,2025,12,Orai,10
113277.0,2025,13,Admin,24
113277.0,2025,13,Extra,48
113277.0,2025,13,Hazi,4
113277.0,2025,13,Orai,32
113277.0,2025,13,Szamonkeres,37
113277.0,2025,14,Admin,8
113277.0,2025,14,Szamonkeres,2
113277.0,2025,15,Admin,20
113277.0,2025,15,Hazi,17
113277.0,2025,16,Admin,1
113277.0,2025,16,Hazi,4
113277.0,2025,18,Admin,5
113277.0,2025,18,Hazi,9
113277.0,2025,19,Admin,3
113277.0,2025,19,Hazi,10
113277.0,2025,19,Orai,2
113277.0,2025,20,Admin,47
113277.0,2025,20,Extra,1
113277.0,2025,20,Hazi,3
113277.0,2025,20,Orai,15
113277.0,2025,20,Szamonkeres,12
113277.0,2025,21,Admin,27
113277.0,2025,21,Extra,9
113277.0,2025,21,Hazi,2
113277.0,2025,21,Orai,15
113278.0,2025,8,Orai,4
113278.0,2025,9,Extra,1
113278.0,2025,9,Orai,4
113278.0,2025,11,Orai,4
113278.0,2025,12,Admin,2
113278.0,2025,12,Hazi,28
113278.0,2025,12,Orai,21
113278.0,2025,13,Extra,21
113278.0,2025,13,Orai,19
113278.0,2025,13,Szamonkeres,36
113278.0,2025,14,Admin,6
113278.0,2025,14,Hazi,6
113278.0,2025,15,Admin,7
113278.0,2025,15,Extra,1
113278.0,2025,15,Hazi,25
113278.0,2025,15,Orai,2
113278.0,2025,16,Hazi,2
113278.0,2025,17,Orai,1
113278.0,2025,18,Orai,9
113278.0,2025,19,Orai,4
113278.0,2025,20,Admin,29
113278.0,2025,20,Extra,6
113278.0,2025,20,Orai,11
113278.0,2025,20,Szamonkeres,32
113278.0,2025,21,Admin,8
113284.0,2025,8,Admin,1
113284.0,2025,8,Orai,4
113284.0,2025,12,Admin,2
113284.0,2025,12,Extra,36
113284.0,2025,12,Hazi,29
113284.0,2025,12,Orai,2
113284.0,2025,13,Admin,17
113284.0,2025,13,Extra,8
113284.0,2025,13,Hazi,5
113284.0,2025,13,Orai,6
113284.0,2025,13,Szamonkeres,35
113284.0,2025,14,Admin,34
113284.0,2025,15,Admin,3
113284.0,2025,15,Hazi,20
113284.0,2025,18,Orai,1
113284.0,2025,19,Admin,1
113284.0,2025,19,Orai,1
113284.0,2025,20,Admin,23
113284.0,2025,20,Extra,1
113284.0,2025,20,Orai,18
113284.0,2025,20,Szamonkeres,16
113284.0,2025,21,Admin,5
113311.0,2025,8,Orai,7
113311.0,2025,9,Admin,1
113311.0,2025,9,Extra,2
113311.0,2025,9,Orai,3
113311.0,2025,10,Orai,4
113311.0,2025,11,Extra,2
113311.0,2025,11,Orai,2
113311.0,2025,12,Extra,32
113311.0,2025,12,Hazi,25
113311.0,2025,12,Orai,11
113311.0,2025,13,Admin,4
113311.0,2025,13,Extra,6
113311.0,2025,13,Hazi,2
113311.0,2025,13,Orai,5
113311.0,2025,13,Szamonkeres,61
113311.0,2025,14,Admin,8
113311.0,2025,14,Extra,2
113311.0,2025,14,Orai,4
113311.0,2025,15,Admin,7
113311.0,2025,15,Hazi,14
113311.0,2025,15,Orai,2
113311.0,2025,17,Hazi,3
113311.0,2025,18,Orai,2
113311.0,2025,19,Extra,5
113311.0,2025,19,Orai,4
113311.0,2025,20,Admin,31
113311.0,2025,20,Orai,6
113311.0,2025,20,Szamonkeres,36
113311.0,2025,21,Admin,20
113317.0,2025,8,Admin,1
113317.0,2025,8,Orai,5
113317.0,2025,9,Orai,2
113317.0,2025,11,Admin,1
113317.0,2025,11,Hazi,4
113317.0,2025,11,Orai,3
113317.0,2025,12,Admin,1
113317.0,2025,12,Extra,27
113317.0,2025,12,Hazi,23
113317.0,2025,12,Orai,12
113317.0,2025,13,Admin,24
113317.0,2025,13,Extra,5
113317.0,2025,13,Hazi,5
113317.0,2025,13,Orai,3
113317.0,2025,13,Szamonkeres,39
113317.0,2025,14,Admin,50
113317.0,2025,14,Hazi,9
113317.0,2025,14,Orai,1
113317.0,2025,15,Admin,20
113317.0,2025,15,Hazi,17
113317.0,2025,16,Hazi,3
113317.0,2025,17,Hazi,2
113317.0,2025,19,Orai,1
113317.0,2025,20,Admin,40
113317.0,2025,20,Orai,1
113317.0,2025,20,Szamonkeres,12
113317.0,2025,21,Admin,45
113317.0,2025,22,Admin,1
113317.0,2025,22,Hazi,3
113320.0,2025,8,Admin,1
113320.0,2025,8,Orai,4
113320.0,2025,10,Admin,1
113320.0,2025,10,Hazi,2
113320.0,2025,10,Orai,4
113320.0,2025,12,Admin,1
113320.0,2025,12,Hazi,17
113320.0,2025,12,Orai,6
113320.0,2025,13,Extra,16
113320.0,2025,13,Orai,1
113320.0,2025,13,Szamonkeres,38
113320.0,2025,14,Hazi,8
113320.0,2025,15,Hazi,26
113320.0,2025,20,Admin,21
113320.0,2025,20,Szamonkeres,16
113323.0,2025,8,Admin,1
113323.0,2025,8,Extra,2
113323.0,2025,8,Orai,14
113323.0,2025,9,Admin,1
113323.0,2025,9,Orai,14
113323.0,2025,12,Admin,1
113323.0,2025,12,Hazi,17
113323.0,2025,12,Orai,6
113323.0,2025,13,Admin,8
113323.0,2025,13,Extra,44
113323.0,2025,13,Orai,19
113323.0,2025,13,Szamonkeres,49
113323.0,2025,14,Extra,2
113323.0,2025,14,Orai,2
113323.0,2025,15,Admin,2
113323.0,2025,15,Extra,2
113323.0,2025,15,Hazi,15
113323.0,2025,15,Orai,4
113323.0,2025,16,Admin,1
113323.0,2025,16,Extra,2
113323.0,2025,16,Orai,3
113323.0,2025,17,Admin,3
113323.0,2025,18,Admin,5
113323.0,2025,18,Hazi,7
113323.0,2025,18,Orai,2
113323.0,2025,18,Szamonkeres,3
113323.0,2025,19,Admin,14
113323.0,2025,19,Extra,15
113323.0,2025,19,Hazi,1
113323.0,2025,19,Orai,32
113323.0,2025,20,Admin,49
113323.0,2025,20,Extra,12
113323.0,2025,20,Hazi,1
113323.0,2025,20,Orai,40
113323.0,2025,20,Szamonkeres,15
113323.0,2025,21,Admin,5
113324.0,2025,8,Admin,2
113324.0,2025,8,Orai,5
113324.0,2025,9,Admin,1
113324.0,2025,9,Orai,12
113324.0,2025,11,Extra,1
113324.0,2025,11,Orai,2
113324.0,2025,12,Admin,1
113324.0,2025,12,Extra,1
113324.0,2025,12,Hazi,19
113324.0,2025,12,Orai,8
113324.0,2025,13,Admin,8
113324.0,2025,13,Extra,10
113324.0,2025,13,Orai,2
113324.0,2025,13,Szamonkeres,33
113324.0,2025,15,Hazi,21
113324.0,2025,20,Admin,11
113324.0,2025,20,Orai,3
113324.0,2025,21,Admin,1
113324.0,2025,23,Admin,8
113324.0,2025,23,Extra,1
113324.0,2025,23,Orai,14
113324.0,2025,23,Szamonkeres,45
113325.0,2025,8,Admin,2
113325.0,2025,8,Orai,9
113325.0,2025,9,Orai,26
113325.0,2025,10,Orai,2
113325.0,2025,12,Extra,4
113325.0,2025,12,Hazi,15
113325.0,2025,12,Orai,7
113325.0,2025,13,Admin,2
113325.0,2025,13,Extra,37
113325.0,2025,13,Orai,2
113325.0,2025,13,Szamonkeres,35
113325.0,2025,15,Admin,4
113325.0,2025,15,Hazi,66
113325.0,2025,15,Orai,12
113325.0,2025,15,Szamonkeres,1
113325.0,2025,19,Orai,17
113325.0,2025,20,Admin,23
113325.0,2025,20,Orai,5
113325.0,2025,20,Szamonkeres,21
113325.0,2025,21,Admin,13
113325.0,2025,21,Extra,6
113325.0,2025,21,Hazi,21
113325.0,2025,21,Orai,25
113325.0,2025,23,Admin,6
113325.0,2025,23,Extra,23
113325.0,2025,23,Hazi,12
113325.0,2025,23,Orai,44
113326.0,2025,8,Admin,2
113326.0,2025,8,Extra,1
113326.0,2025,8,Orai,11
113326.0,2025,10,Admin,1
113326.0,2025,10,Hazi,2
113326.0,2025,10,Orai,2
113326.0,2025,11,Extra,4
113326.0,2025,11,Orai,4
113326.0,2025,12,Admin,1
113326.0,2025,12,Hazi,18
113326.0,2025,13,Admin,4
113326.0,2025,13,Extra,17
113326.0,2025,13,Orai,18
113326.0,2025,13,Szamonkeres,32
113326.0,2025,14,Admin,2
113326.0,2025,14,Hazi,6
113326.0,2025,15,Admin,2
113326.0,2025,15,Hazi,19
113326.0,2025,17,Hazi,3
113326.0,2025,20,Admin,5
113326.0,2025,20,Orai,2
113341.0,2025,8,Admin,1
113341.0,2025,8,Orai,8
113341.0,2025,9,Orai,3
113341.0,2025,10,Admin,1
113341.0,2025,10,Orai,9
113341.0,2025,12,Admin,1
113341.0,2025,13,Extra,1
113341.0,2025,13,Hazi,27
113341.0,2025,13,Orai,9
113341.0,2025,13,Szamonkeres,28
113341.0,2025,14,Extra,1
113341.0,2025,14,Hazi,2
113341.0,2025,15,Admin,2
113341.0,2025,15,Szamonkeres,2
113341.0,2025,16,Admin,3
113341.0,2025,16,Hazi,14
113341.0,2025,18,Hazi,3
113341.0,2025,20,Admin,8
113341.0,2025,20,Szamonkeres,28
113341.0,2025,21,Admin,10
113341.0,2025,22,Admin,10
113341.0,2025,23,Admin,2
113341.0,2025,23,Szamonkeres,17
113344.0,2025,8,Admin,1
113344.0,2025,8,Orai,4
113344.0,2025,10,Orai,26
113344.0,2025,11,Extra,1
113344.0,2025,11,Hazi,2
113344.0,2025,11,Orai,13
113344.0,2025,12,Hazi,15
113344.0,2025,12,Orai,2
113344.0,2025,13,Extra,29
113344.0,2025,13,Hazi,2
113344.0,2025,13,Szamonkeres,40
113344.0,2025,14,Admin,10
113344.0,2025,14,Extra,3
113344.0,2025,14,Hazi,17
113344.0,2025,15,Admin,5
113344.0,2025,17,Hazi,4
113344.0,2025,18,Hazi,1
113344.0,2025,18,Orai,15
113344.0,2025,19,Admin,10
113344.0,2025,19,Extra,21
113344.0,2025,19,Hazi,2
113344.0,2025,19,Orai,20
113344.0,2025,20,Admin,43
113344.0,2025,20,Orai,1
113344.0,2025,20,Szamonkeres,27
113344.0,2025,21,Admin,50
113344.0,2025,21,Hazi,9
113344.0,2025,21,Szamonkeres,2
113347.0,2025,8,Orai,7
113347.0,2025,9,Orai,2
113347.0,2025,10,Orai,3
113347.0,2025,11,Extra,1
113347.0,2025,11,Hazi,4
113347.0,2025,11,Orai,7
113347.0,2025,12,Admin,2
113347.0,2025,12,Extra,19
113347.0,2025,12,Hazi,17
113347.0,2025,12,Orai,16
113347.0,2025,13,Admin,3
113347.0,2025,13,Extra,6
113347.0,2025,13,Hazi,5
113347.0,2025,13,Orai,5
113347.0,2025,13,Szamonkeres,44
113347.0,2025,15,Admin,5
113347.0,2025,15,Extra,3
113347.0,2025,15,Hazi,25
113347.0,2025,15,Orai,3
113347.0,2025,16,Hazi,3
113347.0,2025,20,Admin,26
113347.0,2025,20,Extra,1
113347.0,2025,20,Hazi,7
113347.0,2025,20,Orai,6
113347.0,2025,20,Szamonkeres,24
113347.0,2025,21,Admin,6
113351.0,2025,8,Admin,1
113351.0,2025,8,Orai,3
113351.0,2025,9,Extra,1
113351.0,2025,9,Orai,5
113351.0,2025,10,Hazi,2
113351.0,2025,10,Orai,2
113351.0,2025,12,Admin,1
113351.0,2025,12,Extra,33
113351.0,2025,12,Hazi,17
113351.0,2025,12,Orai,11
113351.0,2025,13,Admin,10
113351.0,2025,13,Extra,17
113351.0,2025,13,Hazi,2
113351.0,2025,13,Orai,26
113351.0,2025,13,Szamonkeres,35
113351.0,2025,14,Admin,12
113351.0,2025,15,Admin,12
113351.0,2025,15,Hazi,22
113351.0,2025,18,Hazi,3
113351.0,2025,19,Extra,1
113351.0,2025,19,Hazi,3
113351.0,2025,19,Orai,2
113351.0,2025,20,Admin,28
113351.0,2025,20,Extra,1
113351.0,2025,20,Orai,16
113351.0,2025,20,Szamonkeres,21
113351.0,2025,21,Admin,13
113351.0,2025,21,Szamonkeres,5
113353.0,2025,9,Admin,2
113353.0,2025,9,Orai,3
113353.0,2025,10,Admin,1
113353.0,2025,10,Hazi,2
113353.0,2025,11,Admin,1
113353.0,2025,12,Admin,1
113353.0,2025,12,Hazi,15
113353.0,2025,12,Orai,8
113353.0,2025,13,Admin,7
113353.0,2025,13,Hazi,1
113353.0,2025,13,Orai,2
113353.0,2025,13,Szamonkeres,33
113353.0,2025,14,Admin,2
113353.0,2025,15,Admin,5
113353.0,2025,16,Admin,4
113353.0,2025,16,Hazi,16
113353.0,2025,19,Admin,6
113353.0,2025,19,Extra,1
113353.0,2025,20,Admin,16
113353.0,2025,20,Szamonkeres,27
113353.0,2025,21,Admin,13
113353.0,2025,21,Hazi,3
113356.0,2025,8,Orai,2
113356.0,2025,9,Orai,5
113356.0,2025,10,Extra,1
113356.0,2025,10,Orai,6
113356.0,2025,11,Orai,1
113356.0,2025,12,Hazi,13
113356.0,2025,12,Orai,6
113356.0,2025,13,Admin,17
113356.0,2025,13,Extra,6
113356.0,2025,13,Orai,14
113356.0,2025,13,Szamonkeres,16
113356.0,2025,15,Admin,2
113356.0,2025,15,Hazi,18
113356.0,2025,15,Orai,1
113356.0,2025,17,Hazi,3
113356.0,2025,19,Orai,1
113356.0,2025,20,Admin,13
113356.0,2025,20,Orai,6
113356.0,2025,20,Szamonkeres,47
113356.0,2025,21,Admin,9
113356.0,2025,21,Szamonkeres,3
113356.0,2025,23,Admin,1
113356.0,2025,23,Orai,20
113356.0,2025,23,Szamonkeres,21
113356.0,2025,24,Admin,2
113358.0,2025,8,Admin,1
113358.0,2025,9,Admin,1
113358.0,2025,9,Orai,4
113358.0,2025,12,Admin,2
113358.0,2025,12,Extra,1
113358.0,2025,12,Hazi,15
113358.0,2025,13,Admin,17
113358.0,2025,13,Extra,48
113358.0,2025,13,Orai,15
113358.0,2025,13,Szamonkeres,32
113358.0,2025,14,Admin,16
113358.0,2025,15,Admin,7
113358.0,2025,16,Hazi,18
113358.0,2025,19,Admin,1
113358.0,2025,20,Admin,18
113358.0,2025,20,Orai,6
113358.0,2025,20,Szamonkeres,23
113358.0,2025,21,Admin,9
113358.0,2025,21,Hazi,3
113363.0,2025,8,Admin,1
113363.0,2025,8,Orai,5
113363.0,2025,9,Orai,1
113363.0,2025,10,Orai,2
113363.0,2025,11,Extra,1
113363.0,2025,11,Orai,1
113363.0,2025,12,Extra,8
113363.0,2025,12,Hazi,14
113363.0,2025,12,Orai,13
113363.0,2025,13,Admin,5
113363.0,2025,13,Extra,45
113363.0,2025,13,Orai,10
113363.0,2025,13,Szamonkeres,38
113363.0,2025,14,Extra,1
113363.0,2025,14,Hazi,14
113363.0,2025,14,Orai,1
113363.0,2025,14,Szamonkeres,2
113363.0,2025,15,Orai,1
113363.0,2025,18,Admin,3
113363.0,2025,18,Extra,1
113363.0,2025,18,Hazi,3
113363.0,2025,18,Orai,2
113363.0,2025,19,Admin,1
113363.0,2025,19,Orai,4
113363.0,2025,19,Szamonkeres,3
113363.0,2025,20,Admin,21
113363.0,2025,20,Orai,16
113363.0,2025,20,Szamonkeres,15
113363.0,2025,21,Admin,3
113363.0,2025,21,Hazi,3
113367.0,2025,8,Admin,1
113367.0,2025,11,Admin,1
113367.0,2025,11,Extra,1
113367.0,2025,11,Hazi,2
113367.0,2025,11,Orai,17
113367.0,2025,12,Admin,1
113367.0,2025,12,Hazi,23
113367.0,2025,12,Orai,4
113367.0,2025,15,Extra,1
113367.0,2025,15,Hazi,15
113367.0,2025,15,Orai,3
113367.0,2025,16,Admin,2
113367.0,2025,17,Admin,1
113367.0,2025,17,Hazi,2
113367.0,2025,20,Admin,1
113367.0,2025,20,Extra,1
113367.0,2025,20,Hazi,5
113367.0,2025,20,Orai,10
113367.0,2025,21,Hazi,13
113367.0,2025,24,Admin,41
113367.0,2025,24,Extra,2
113367.0,2025,24,Orai,2
113367.0,2025,25,Admin,3
113377.0,2025,8,Admin,1
113377.0,2025,8,Orai,4
113377.0,2025,9,Admin,2
113377.0,2025,9,Orai,4
113377.0,2025,10,Admin,1
113377.0,2025,10,Extra,1
113377.0,2025,10,Hazi,2
113377.0,2025,10,Orai,3
113377.0,2025,11,Admin,1
113377.0,2025,11,Extra,1
113377.0,2025,11,Hazi,15
113377.0,2025,11,Orai,3
113377.0,2025,12,Extra,21
113377.0,2025,12,Orai,3
113377.0,2025,13,Admin,16
113377.0,2025,13,Extra,5
113377.0,2025,13,Hazi,8
113377.0,2025,13,Orai,12
113377.0,2025,13,Szamonkeres,31
113377.0,2025,14,Admin,11
113377.0,2025,14,Hazi,8
113377.0,2025,15,Admin,10
113377.0,2025,15,Hazi,29
113377.0,2025,15,Orai,4
113377.0,2025,15,Szamonkeres,6
113377.0,2025,16,Admin,9
113377.0,2025,16,Hazi,5
113377.0,2025,17,Admin,1
113377.0,2025,19,Admin,3
113377.0,2025,19,Orai,9
113377.0,2025,20,Admin,11
113377.0,2025,20,Extra,4
113377.0,2025,20,Orai,6
113377.0,2025,20,Szamonkeres,37
113377.0,2025,21,Admin,7
113377.0,2025,22,Admin,2
113379.0,2025,8,Admin,1
113379.0,2025,8,Orai,3
113379.0,2025,9,Orai,5
113379.0,2025,10,Orai,2
113379.0,2025,11,Hazi,4
113379.0,2025,11,Orai,20
113379.0,2025,12,Extra,31
113379.0,2025,12,Hazi,25
113379.0,2025,12,Orai,19
113379.0,2025,13,Admin,6
113379.0,2025,13,Extra,16
113379.0,2025,13,Orai,1
113379.0,2025,13,Szamonkeres,32
113379.0,2025,14,Admin,4
113379.0,2025,14,Hazi,24
113379.0,2025,14,Szamonkeres,2
113379.0,2025,15,Admin,8
113379.0,2025,15,Hazi,2
113379.0,2025,17,Admin,1
113379.0,2025,17,Orai,4
113379.0,2025,18,Orai,3
113379.0,2025,19,Hazi,6
113379.0,2025,19,Orai,4
113379.0,2025,20,Admin,29
113379.0,2025,20,Extra,2
113379.0,2025,20,Orai,17
113379.0,2025,20,Szamonkeres,13
113379.0,2025,21,Admin,11
113379.0,2025,21,Orai,1
113382.0,2025,8,Admin,1
113382.0,2025,11,Admin,1
113382.0,2025,11,Hazi,13
113382.0,2025,11,Orai,24
113382.0,2025,12,Hazi,21
113382.0,2025,13,Hazi,2
113382.0,2025,15,Admin,1
113382.0,2025,15,Extra,1
113382.0,2025,15,Hazi,14
113382.0,2025,15,Orai,4
113382.0,2025,16,Admin,1
113382.0,2025,17,Admin,1
113382.0,2025,18,Admin,2
113382.0,2025,19,Orai,4
113382.0,2025,20,Admin,3
113382.0,2025,20,Extra,2
113382.0,2025,20,Hazi,13
113382.0,2025,20,Orai,8
113382.0,2025,24,Admin,43
113382.0,2025,24,Extra,1
113382.0,2025,24,Orai,10
113382.0,2025,25,Admin,6
113391.0,2025,8,Admin,1
113391.0,2025,8,Orai,10
113391.0,2025,9,Orai,7
113391.0,2025,10,Orai,1
113391.0,2025,11,Extra,2
113391.0,2025,11,Orai,1
113391.0,2025,12,Hazi,19
113391.0,2025,13,Szamonkeres,33
113391.0,2025,14,Admin,4
113391.0,2025,14,Hazi,2
113391.0,2025,15,Admin,8
113391.0,2025,15,Hazi,19
113391.0,2025,17,Admin,8
113391.0,2025,17,Hazi,6
113391.0,2025,19,Admin,9
113391.0,2025,19,Hazi,6
113391.0,2025,20,Szamonkeres,38
113391.0,2025,21,Admin,1
113391.0,2025,23,Admin,3
113391.0,2025,23,Szamonkeres,15
113394.0,2025,8,Orai,5
113394.0,2025,9,Orai,6
113394.0,2025,10,Admin,1
113394.0,2025,10,Orai,3
113394.0,2025,11,Extra,1
113394.0,2025,11,Orai,1
113394.0,2025,12,Extra,20
113394.0,2025,12,Hazi,29
113394.0,2025,12,Orai,1
113394.0,2025,13,Admin,10
113394.0,2025,13,Extra,39
113394.0,2025,13,Hazi,20
113394.0,2025,13,Orai,34
113394.0,2025,13,Szamonkeres,40
113394.0,2025,15,Admin,6
113394.0,2025,15,Orai,1
113394.0,2025,19,Hazi,1
113394.0,2025,19,Orai,1
113394.0,2025,20,Admin,13
113394.0,2025,20,Extra,3
113394.0,2025,20,Orai,18
113394.0,2025,20,Szamonkeres,32
113394.0,2025,21,Admin,4
113398.0,2025,9,Orai,9
113398.0,2025,10,Admin,1
113398.0,2025,10,Hazi,2
113398.0,2025,10,Orai,16
113398.0,2025,11,Extra,3
113398.0,2025,11,Hazi,1
113398.0,2025,11,Orai,11
113398.0,2025,12,Hazi,34
113398.0,2025,15,Admin,3
113398.0,2025,15,Hazi,56
113398.0,2025,15,Orai,9
113398.0,2025,17,Extra,3
113398.0,2025,17,Orai,3
113398.0,2025,18,Orai,5
113398.0,2025,20,Hazi,13
113398.0,2025,21,Hazi,6
113398.0,2025,22,Admin,4
113398.0,2025,22,Extra,1
113398.0,2025,22,Orai,16
113398.0,2025,23,Extra,2
113398.0,2025,23,Hazi,2
113398.0,2025,23,Orai,7
113398.0,2025,23,Szamonkeres,30
113398.0,2025,24,Admin,7
113398.0,2025,24,Hazi,2
113398.0,2025,25,Admin,3
113398.0,2025,25,Hazi,5
113399.0,2025,8,Admin,1
113399.0,2025,8,Orai,5
113399.0,2025,12,Admin,1
113399.0,2025,12,Hazi,19
113399.0,2025,12,Orai,1
113399.0,2025,13,Admin,3
113399.0,2025,13,Orai,6
113399.0,2025,13,Szamonkeres,31
113399.0,2025,15,Hazi,18
113399.0,2025,17,Admin,8
113399.0,2025,17,Hazi,6
113399.0,2025,19,Admin,4
113399.0,2025,20,Admin,21
113399.0,2025,20,Orai,1
113399.0,2025,20,Szamonkeres,17
113399.0,2025,21,Admin,4
113409.0,2025,8,Orai,2
113409.0,2025,9,Extra,1
113409.0,2025,9,Orai,2
113409.0,2025,10,Admin,1
113409.0,2025,10,Hazi,6
113409.0,2025,10,Orai,1
113409.0,2025,11,Admin,1
113409.0,2025,11,Orai,1
113409.0,2025,12,Hazi,15
113409.0,2025,13,Admin,2
113409.0,2025,13,Extra,19
113409.0,2025,13,Hazi,4
113409.0,2025,13,Orai,7
113409.0,2025,13,Szamonkeres,43
113409.0,2025,14,Admin,8
113409.0,2025,15,Admin,2
113409.0,2025,15,Hazi,26
113409.0,2025,15,Orai,1
113409.0,2025,20,Admin,9
113409.0,2025,20,Szamonkeres,34
113409.0,2025,21,Admin,13
113416.0,2025,8,Orai,2
113416.0,2025,11,Hazi,2
113416.0,2025,12,Hazi,17
113416.0,2025,13,Szamonkeres,41
113416.0,2025,14,Admin,4
113416.0,2025,14,Hazi,3
113416.0,2025,15,Admin,6
113416.0,2025,15,Hazi,22
113416.0,2025,17,Admin,3
113416.0,2025,17,Hazi,3
113416.0,2025,20,Admin,21
113416.0,2025,20,Hazi,4
113416.0,2025,20,Szamonkeres,17
113416.0,2025,21,Admin,15
113418.0,2025,8,Orai,14
113418.0,2025,9,Admin,1
113418.0,2025,9,Orai,3
113418.0,2025,10,Orai,8
113418.0,2025,11,Extra,1
113418.0,2025,11,Hazi,2
113418.0,2025,11,Orai,1
113418.0,2025,12,Extra,26
113418.0,2025,12,Hazi,21
113418.0,2025,12,Orai,23
113418.0,2025,13,Admin,10
113418.0,2025,13,Extra,12
113418.0,2025,13,Hazi,1
113418.0,2025,13,Orai,7
113418.0,2025,13,Szamonkeres,37
113418.0,2025,15,Admin,4
113418.0,2025,15,Hazi,20
113418.0,2025,15,Orai,3
113418.0,2025,15,Szamonkeres,3
113418.0,2025,17,Admin,1
113418.0,2025,17,Orai,2
113418.0,2025,18,Extra,2
113418.0,2025,18,Orai,3
113418.0,2025,19,Extra,1
113418.0,2025,19,Orai,10
113418.0,2025,20,Admin,9
113418.0,2025,20,Orai,2
113418.0,2025,20,Szamonkeres,38
113418.0,2025,21,Admin,17
113418.0,2025,21,Hazi,7
113418.0,2025,25,Admin,1
113421.0,2025,10,Admin,1
113421.0,2025,11,Orai,1
113421.0,2025,12,Hazi,15
113421.0,2025,14,Admin,1
113421.0,2025,14,Hazi,1
113421.0,2025,15,Admin,2
113421.0,2025,15,Extra,5
113421.0,2025,15,Hazi,20
113421.0,2025,15,Orai,3
113421.0,2025,20,Extra,2
113421.0,2025,20,Hazi,26
113421.0,2025,20,Orai,6
113421.0,2025,21,Admin,2
113421.0,2025,22,Admin,1
113421.0,2025,22,Orai,5
113421.0,2025,23,Admin,2
113421.0,2025,23,Extra,4
113421.0,2025,23,Orai,1
113421.0,2025,23,Szamonkeres,37
113421.0,2025,24,Admin,14
113424.0,2025,8,Orai,3
113424.0,2025,9,Admin,2
113424.0,2025,9,Orai,3
113424.0,2025,10,Orai,1
113424.0,2025,11,Hazi,2
113424.0,2025,11,Orai,1
113424.0,2025,12,Admin,1
113424.0,2025,12,Hazi,15
113424.0,2025,12,Orai,2
113424.0,2025,13,Admin,4
113424.0,2025,13,Extra,7
113424.0,2025,13,Orai,17
113424.0,2025,13,Szamonkeres,52
113424.0,2025,14,Hazi,3
113424.0,2025,15,Admin,3
113424.0,2025,15,Hazi,45
113424.0,2025,15,Orai,4
113424.0,2025,17,Hazi,3
113424.0,2025,19,Admin,3
113424.0,2025,19,Extra,3
113424.0,2025,19,Orai,22
113424.0,2025,20,Admin,13
113424.0,2025,20,Orai,1
113424.0,2025,20,Szamonkeres,18
113424.0,2025,21,Admin,3
113439.0,2025,8,Orai,5
113439.0,2025,9,Orai,6
113439.0,2025,10,Orai,6
113439.0,2025,11,Orai,1
113439.0,2025,12,Extra,7
113439.0,2025,12,Hazi,15
113439.0,2025,12,Orai,15
113439.0,2025,13,Admin,13
113439.0,2025,13,Extra,27
113439.0,2025,13,Hazi,1
113439.0,2025,13,Orai,8
113439.0,2025,13,Szamonkeres,30
113439.0,2025,15,Admin,5
113439.0,2025,15,Extra,2
113439.0,2025,15,Hazi,16
113439.0,2025,15,Orai,2
113439.0,2025,17,Admin,1
113439.0,2025,17,Hazi,3
113439.0,2025,18,Hazi,3
113439.0,2025,18,Orai,3
113439.0,2025,19,Orai,3
113439.0,2025,20,Admin,14
113439.0,2025,20,Hazi,2
113439.0,2025,20,Orai,19
113439.0,2025,20,Szamonkeres,14
113439.0,2025,21,Admin,3
113443.0,2025,8,Orai,3
113443.0,2025,9,Orai,4
113443.0,2025,10,Extra,3
113443.0,2025,10,Orai,6
113443.0,2025,11,Extra,1
113443.0,2025,11,Hazi,4
113443.0,2025,11,Orai,2
113443.0,2025,12,Extra,1
113443.0,2025,12,Hazi,18
113443.0,2025,12,Orai,2
113443.0,2025,13,Admin,15
113443.0,2025,13,Extra,18
113443.0,2025,13,Hazi,17
113443.0,2025,13,Szamonkeres,15
113443.0,2025,14,Extra,2
113443.0,2025,14,Hazi,3
113443.0,2025,14,Orai,6
113443.0,2025,14,Szamonkeres,2
113443.0,2025,15,Orai,2
113443.0,2025,15,Szamonkeres,3
113443.0,2025,19,Orai,2
113443.0,2025,20,Admin,39
113443.0,2025,20,Hazi,3
113443.0,2025,20,Orai,5
113443.0,2025,20,Szamonkeres,17
113443.0,2025,21,Admin,2
113443.0,2025,21,Hazi,3
113446.0,2025,8,Orai,5
113446.0,2025,9,Orai,1
113446.0,2025,12,Admin,2
113446.0,2025,12,Extra,4
113446.0,2025,12,Hazi,13
113446.0,2025,12,Orai,11
113446.0,2025,13,Admin,4
113446.0,2025,13,Extra,3
113446.0,2025,13,Hazi,2
113446.0,2025,13,Orai,5
113446.0,2025,13,Szamonkeres,47
113446.0,2025,15,Admin,4
113446.0,2025,15,Hazi,41
113446.0,2025,17,Admin,3
113446.0,2025,20,Admin,6
113446.0,2025,20,Hazi,6
113446.0,2025,21,Admin,2
113446.0,2025,22,Admin,1
113446.0,2025,23,Admin,23
113446.0,2025,23,Szamonkeres,19
113457.0,2025,8,Admin,2
113457.0,2025,8,Orai,12
113457.0,2025,9,Admin,2
113457.0,2025,9,Extra,1
113457.0,2025,9,Orai,5
113457.0,2025,10,Admin,3
113457.0,2025,10,Orai,4
113457.0,2025,11,Admin,2
113457.0,2025,11,Extra,1
113457.0,2025,11,Hazi,2
113457.0,2025,11,Orai,2
113457.0,2025,12,Admin,1
113457.0,2025,12,Hazi,29
113457.0,2025,12,Orai,1
113457.0,2025,13,Admin,9
113457.0,2025,13,Extra,29
113457.0,2025,13,Hazi,6
113457.0,2025,13,Orai,23
113457.0,2025,13,Szamonkeres,52
113457.0,2025,15,Admin,7
113457.0,2025,15,Hazi,35
113457.0,2025,15,Orai,1
113457.0,2025,16,Hazi,4
113457.0,2025,18,Admin,3
113457.0,2025,19,Admin,1
113457.0,2025,20,Admin,18
113457.0,2025,20,Orai,7
113457.0,2025,20,Szamonkeres,48
113457.0,2025,21,Admin,12
113460.0,2025,8,Admin,1
113460.0,2025,8,Orai,16
113460.0,2025,9,Admin,3
113460.0,2025,9,Extra,1
113460.0,2025,9,Orai,6
113460.0,2025,10,Orai,9
113460.0,2025,11,Extra,1
113460.0,2025,11,Orai,15
113460.0,2025,12,Admin,1
113460.0,2025,12,Extra,29
113460.0,2025,12,Hazi,19
113460.0,2025,12,Orai,19
113460.0,2025,13,Admin,4
113460.0,2025,13,Extra,20
113460.0,2025,13,Hazi,5
113460.0,2025,13,Orai,11
113460.0,2025,13,Szamonkeres,33
113460.0,2025,14,Admin,12
113460.0,2025,14,Extra,1
113460.0,2025,14,Hazi,6
113460.0,2025,14,Orai,3
113460.0,2025,15,Admin,8
113460.0,2025,15,Hazi,13
113460.0,2025,15,Orai,7
113460.0,2025,16,Orai,1
113460.0,2025,17,Admin,1
113460.0,2025,17,Orai,14
113460.0,2025,18,Admin,1
113460.0,2025,18,Orai,2
113460.0,2025,19,Orai,22
113460.0,2025,20,Admin,20
113460.0,2025,20,Extra,1
113460.0,2025,20,Orai,13
113460.0,2025,20,Szamonkeres,18
113460.0,2025,21,Admin,4
113460.0,2025,21,Hazi,3
113471.0,2025,9,Admin,1
113471.0,2025,9,Orai,2
113471.0,2025,10,Admin,2
113471.0,2025,12,Admin,1
113471.0,2025,12,Hazi,15
113471.0,2025,13,Admin,4
113471.0,2025,13,Extra,7
113471.0,2025,13,Orai,3
113471.0,2025,13,Szamonkeres,43
113471.0,2025,15,Admin,1
113471.0,2025,16,Hazi,16
113471.0,2025,20,Admin,5
113471.0,2025,20,Extra,1
113471.0,2025,20,Orai,7
113471.0,2025,20,Szamonkeres,34
113471.0,2025,21,Admin,5
113479.0,2025,9,Admin,2
113479.0,2025,9,Orai,1
113479.0,2025,12,Hazi,20
113479.0,2025,13,Hazi,3
113479.0,2025,14,Hazi,1
113479.0,2025,15,Extra,2
113479.0,2025,15,Hazi,15
113479.0,2025,15,Orai,2
113479.0,2025,20,Extra,5
113479.0,2025,20,Hazi,24
113479.0,2025,20,Orai,17
113479.0,2025,22,Hazi,6
113479.0,2025,22,Orai,1
113479.0,2025,23,Admin,2
113479.0,2025,23,Extra,1
113479.0,2025,23,Hazi,8
113479.0,2025,23,Orai,2
113479.0,2025,23,Szamonkeres,42
113479.0,2025,24,Admin,7
113479.0,2025,24,Hazi,2
113482.0,2025,8,Admin,1
113482.0,2025,8,Orai,1
113482.0,2025,10,Admin,1
113482.0,2025,11,Extra,1
113482.0,2025,12,Admin,1
113482.0,2025,12,Extra,13
113482.0,2025,12,Hazi,19
113482.0,2025,12,Orai,7
113482.0,2025,13,Extra,2
113482.0,2025,13,Szamonkeres,36
113482.0,2025,15,Hazi,19
113482.0,2025,18,Admin,1
113482.0,2025,20,Admin,8
113482.0,2025,20,Extra,1
113482.0,2025,20,Orai,4
113482.0,2025,20,Szamonkeres,34
113482.0,2025,21,Admin,2
113485.0,2025,9,Orai,3
113485.0,2025,10,Orai,2
113485.0,2025,11,Extra,1
113485.0,2025,11,Orai,2
113485.0,2025,12,Extra,1
113485.0,2025,12,Hazi,21
113485.0,2025,12,Orai,1
113485.0,2025,13,Admin,12
113485.0,2025,13,Hazi,3
113485.0,2025,13,Szamonkeres,41
113485.0,2025,14,Admin,22
113485.0,2025,14,Orai,1
113485.0,2025,14,Szamonkeres,4
113485.0,2025,15,Admin,19
113485.0,2025,15,Hazi,23
113485.0,2025,20,Admin,51
113485.0,2025,20,Szamonkeres,10
113485.0,2025,21,Admin,8
113485.0,2025,21,Szamonkeres,3
113489.0,2025,8,Extra,1
113489.0,2025,8,Orai,10
113489.0,2025,9,Orai,6
113489.0,2025,11,Admin,1
113489.0,2025,12,Extra,2
113489.0,2025,12,Hazi,23
113489.0,2025,12,Orai,15
113489.0,2025,13,Admin,8
113489.0,2025,13,Extra,32
113489.0,2025,13,Hazi,5
113489.0,2025,13,Orai,10
113489.0,2025,13,Szamonkeres,37
113489.0,2025,14,Admin,18
113489.0,2025,14,Hazi,3
113489.0,2025,15,Admin,14
113489.0,2025,15,Extra,1
113489.0,2025,15,Hazi,19
113489.0,2025,18,Hazi,9
113489.0,2025,19,Admin,1
113489.0,2025,19,Extra,2
113489.0,2025,19,Orai,12
113489.0,2025,20,Admin,37
113489.0,2025,20,Hazi,2
113489.0,2025,20,Orai,1
113489.0,2025,20,Szamonkeres,13
113489.0,2025,21,Admin,14
113489.0,2025,21,Orai,2
113495.0,2025,8,Admin,7
113495.0,2025,8,Extra,3
113495.0,2025,8,Orai,24
113495.0,2025,9,Extra,2
113495.0,2025,9,Orai,13
113495.0,2025,10,Extra,5
113495.0,2025,10,Hazi,4
113495.0,2025,10,Orai,11
113495.0,2025,11,Admin,3
113495.0,2025,11,Extra,3
113495.0,2025,11,Hazi,2
113495.0,2025,11,Orai,16
113495.0,2025,12,Admin,1
113495.0,2025,12,Extra,33
113495.0,2025,12,Hazi,30
113495.0,2025,12,Orai,38
113495.0,2025,13,Admin,34
113495.0,2025,13,Extra,18
113495.0,2025,13,Hazi,13
113495.0,2025,13,Orai,13
113495.0,2025,13,Szamonkeres,50
113495.0,2025,14,Admin,36
113495.0,2025,14,Extra,5
113495.0,2025,14,Hazi,1
113495.0,2025,14,Orai,9
113495.0,2025,14,Szamonkeres,2
113495.0,2025,15,Admin,24
113495.0,2025,15,Extra,1
113495.0,2025,15,Hazi,24
113495.0,2025,15,Orai,1
113495.0,2025,16,Admin,2
113495.0,2025,16,Hazi,3
113495.0,2025,16,Orai,1
113495.0,2025,17,Extra,1
113495.0,2025,17,Orai,1
113495.0,2025,18,Extra,2
113495.0,2025,18,Orai,5
113495.0,2025,19,Admin,2
113495.0,2025,19,Extra,2
113495.0,2025,19,Orai,7
113495.0,2025,20,Admin,62
113495.0,2025,20,Extra,4
113495.0,2025,20,Orai,7
113495.0,2025,20,Szamonkeres,31
113495.0,2025,21,Admin,14
113495.0,2025,21,Hazi,8
113495.0,2025,23,Admin,7
113495.0,2025,24,Admin,1
113496.0,2025,8,Orai,9
113496.0,2025,9,Orai,8
113496.0,2025,10,Orai,5
113496.0,2025,11,Orai,4
113496.0,2025,12,Hazi,13
113496.0,2025,12,Orai,4
113496.0,2025,13,Hazi,2
113496.0,2025,13,Orai,2
113496.0,2025,14,Orai,3
113496.0,2025,16,Admin,2
113496.0,2025,16,Hazi,32
113496.0,2025,16,Orai,1
113496.0,2025,18,Extra,1
113496.0,2025,18,Hazi,2
113496.0,2025,18,Orai,7
113496.0,2025,19,Admin,1
113496.0,2025,19,Hazi,2
113496.0,2025,19,Orai,1
113496.0,2025,20,Extra,1
113496.0,2025,20,Hazi,15
113496.0,2025,20,Orai,5
113496.0,2025,21,Hazi,2
113496.0,2025,22,Admin,3
113496.0,2025,22,Extra,15
113496.0,2025,22,Hazi,10
113496.0,2025,22,Orai,20
113496.0,2025,23,Extra,1
113496.0,2025,23,Hazi,4
113496.0,2025,23,Orai,5
113496.0,2025,23,Szamonkeres,36
113496.0,2025,24,Admin,9
113496.0,2025,24,Hazi,8
113500.0,2025,8,Admin,1
113500.0,2025,8,Orai,12
113500.0,2025,9,Orai,2
113500.0,2025,10,Orai,1
113500.0,2025,12,Extra,10
113500.0,2025,12,Hazi,23
113500.0,2025,12,Orai,6
113500.0,2025,13,Admin,8
113500.0,2025,13,Extra,39
113500.0,2025,13,Szamonkeres,40
113500.0,2025,14,Admin,14
113500.0,2025,14,Hazi,6
113500.0,2025,15,Admin,30
113500.0,2025,15,Hazi,30
113500.0,2025,15,Orai,1
113500.0,2025,15,Szamonkeres,2
113500.0,2025,16,Admin,17
113500.0,2025,16,Hazi,4
113500.0,2025,17,Admin,9
113500.0,2025,17,Hazi,6
113500.0,2025,18,Extra,1
113500.0,2025,18,Orai,4
113500.0,2025,19,Orai,1
113500.0,2025,20,Admin,11
113500.0,2025,20,Extra,3
113500.0,2025,20,Orai,9
113500.0,2025,20,Szamonkeres,40
113500.0,2025,21,Admin,10
113503.0,2025,8,Admin,1
113503.0,2025,8,Orai,10
113503.0,2025,9,Orai,8
113503.0,2025,10,Hazi,2
113503.0,2025,10,Orai,6
113503.0,2025,11,Extra,2
113503.0,2025,11,Orai,3
113503.0,2025,12,Extra,2
113503.0,2025,12,Hazi,45
113503.0,2025,12,Orai,3
113503.0,2025,13,Extra,25
113503.0,2025,13,Orai,7
113503.0,2025,13,Szamonkeres,36
113503.0,2025,14,Extra,1
113503.0,2025,14,Orai,3
113503.0,2025,15,Orai,2
113503.0,2025,19,Hazi,2
113503.0,2025,19,Orai,2
113503.0,2025,20,Admin,6
113503.0,2025,20,Extra,2
113503.0,2025,20,Orai,7
113503.0,2025,20,Szamonkeres,46
113503.0,2025,21,Admin,3
113503.0,2025,21,Hazi,3
113504.0,2025,8,Admin,1
113504.0,2025,8,Orai,4
113504.0,2025,9,Admin,1
113504.0,2025,9,Extra,1
113504.0,2025,9,Orai,3
113504.0,2025,10,Admin,1
113504.0,2025,10,Orai,4
113504.0,2025,11,Extra,3
113504.0,2025,11,Hazi,18
113504.0,2025,11,Orai,2
113504.0,2025,12,Admin,1
113504.0,2025,12,Extra,27
113504.0,2025,12,Hazi,9
113504.0,2025,12,Orai,9
113504.0,2025,13,Admin,6
113504.0,2025,13,Extra,2
113504.0,2025,13,Orai,8
113504.0,2025,13,Szamonkeres,45
113504.0,2025,14,Admin,6
113504.0,2025,15,Admin,1
113504.0,2025,15,Hazi,16
113504.0,2025,16,Admin,1
113504.0,2025,16,Hazi,6
113504.0,2025,17,Admin,1
113504.0,2025,18,Orai,1
113504.0,2025,19,Admin,2
113504.0,2025,19,Orai,3
113504.0,2025,20,Admin,38
113504.0,2025,20,Orai,7
113504.0,2025,20,Szamonkeres,15
113504.0,2025,21,Admin,18
113504.0,2025,22,Admin,1
113504.0,2025,23,Admin,1
113522.0,2025,8,Admin,1
113522.0,2025,8,Orai,11
113522.0,2025,9,Orai,2
113522.0,2025,10,Orai,3
113522.0,2025,11,Extra,1
113522.0,2025,11,Orai,1
113522.0,2025,12,Admin,1
113522.0,2025,12,Extra,17
113522.0,2025,12,Hazi,19
113522.0,2025,12,Orai,24
113522.0,2025,13,Admin,1
113522.0,2025,13,Extra,12
113522.0,2025,13,Hazi,2
113522.0,2025,13,Orai,23
113522.0,2025,13,Szamonkeres,40
113522.0,2025,14,Hazi,5
113522.0,2025,14,Orai,3
113522.0,2025,15,Admin,5
113522.0,2025,15,Hazi,18
113522.0,2025,15,Orai,1
113522.0,2025,16,Admin,2
113522.0,2025,17,Admin,14
113522.0,2025,18,Admin,3
113522.0,2025,18,Extra,1
113522.0,2025,18,Orai,2
113522.0,2025,19,Admin,2
113522.0,2025,19,Extra,1
113522.0,2025,19,Orai,20
113522.0,2025,20,Admin,36
113522.0,2025,20,Orai,2
113522.0,2025,20,Szamonkeres,21
113522.0,2025,21,Admin,8
113522.0,2025,21,Szamonkeres,3
113522.0,2025,22,Admin,3
113522.0,2025,22,Extra,1
113522.0,2025,22,Orai,10
113527.0,2025,8,Admin,1
113527.0,2025,8,Orai,4
113527.0,2025,9,Orai,3
113527.0,2025,10,Orai,3
113527.0,2025,12,Hazi,13
113527.0,2025,12,Orai,1
113527.0,2025,13,Admin,16
113527.0,2025,13,Extra,18
113527.0,2025,13,Hazi,7
113527.0,2025,13,Orai,33
113527.0,2025,13,Szamonkeres,39
113527.0,2025,14,Admin,2
113527.0,2025,14,Extra,5
113527.0,2025,14,Hazi,3
113527.0,2025,14,Orai,5
113527.0,2025,15,Admin,2
113527.0,2025,15,Hazi,18
113527.0,2025,15,Orai,1
113527.0,2025,15,Szamonkeres,3
113527.0,2025,16,Admin,1
113527.0,2025,18,Hazi,4
113527.0,2025,20,Admin,23
113527.0,2025,20,Extra,3
113527.0,2025,20,Orai,6
113527.0,2025,20,Szamonkeres,17
113527.0,2025,21,Admin,20
113527.0,2025,21,Hazi,3
113527.0,2025,22,Admin,1
113528.0,2025,8,Extra,1
113528.0,2025,8,Orai,5
113528.0,2025,9,Admin,2
113528.0,2025,9,Orai,8
113528.0,2025,10,Admin,1
113528.0,2025,10,Orai,10
113528.0,2025,11,Hazi,2
113528.0,2025,11,Orai,1
113528.0,2025,12,Admin,2
113528.0,2025,12,Extra,42
113528.0,2025,12,Hazi,13
113528.0,2025,12,Orai,23
113528.0,2025,13,Admin,44
113528.0,2025,13,Extra,5
113528.0,2025,13,Orai,8
113528.0,2025,13,Szamonkeres,35
113528.0,2025,14,Admin,19
113528.0,2025,14,Hazi,29
113528.0,2025,15,Admin,10
113528.0,2025,16,Admin,4
113528.0,2025,16,Hazi,2
113528.0,2025,19,Admin,1
113528.0,2025,19,Extra,1
113528.0,2025,19,Hazi,3
113528.0,2025,19,Orai,21
113528.0,2025,20,Admin,27
113528.0,2025,20,Orai,6
113528.0,2025,20,Szamonkeres,15
113528.0,2025,21,Admin,1
113528.0,2025,21,Hazi,4
113532.0,2025,8,Orai,3
113532.0,2025,9,Admin,1
113532.0,2025,9,Orai,6
113532.0,2025,10,Orai,6
113532.0,2025,12,Admin,1
113532.0,2025,12,Extra,4
113532.0,2025,12,Hazi,13
113532.0,2025,12,Orai,8
113532.0,2025,13,Admin,5
113532.0,2025,13,Extra,7
113532.0,2025,13,Hazi,2
113532.0,2025,13,Orai,9
113532.0,2025,13,Szamonkeres,33
113532.0,2025,14,Admin,6
113532.0,2025,14,Hazi,22
113532.0,2025,14,Szamonkeres,2
113532.0,2025,15,Admin,9
113532.0,2025,16,Admin,3
113532.0,2025,17,Hazi,2
113532.0,2025,19,Admin,1
113532.0,2025,19,Orai,10
113532.0,2025,20,Admin,39
113532.0,2025,20,Extra,2
113532.0,2025,20,Hazi,2
113532.0,2025,20,Orai,28
113532.0,2025,20,Szamonkeres,18
113532.0,2025,21,Admin,7
113536.0,2025,8,Admin,2
113536.0,2025,8,Orai,2
113536.0,2025,9,Orai,2
113536.0,2025,10,Admin,2
113536.0,2025,10,Hazi,2
113536.0,2025,10,Orai,3
113536.0,2025,11,Extra,1
113536.0,2025,11,Orai,1
113536.0,2025,12,Admin,1
113536.0,2025,12,Extra,45
113536.0,2025,12,Hazi,13
113536.0,2025,12,Orai,21
113536.0,2025,13,Admin,4
113536.0,2025,13,Extra,5
113536.0,2025,13,Orai,6
113536.0,2025,13,Szamonkeres,42
113536.0,2025,14,Admin,18
113536.0,2025,15,Admin,6
113536.0,2025,15,Hazi,16
113536.0,2025,15,Szamonkeres,2
113536.0,2025,16,Admin,8
113536.0,2025,19,Admin,1
113536.0,2025,20,Admin,7
113536.0,2025,20,Orai,11
113536.0,2025,20,Szamonkeres,39
113536.0,2025,21,Admin,7
113542.0,2025,8,Orai,8
113542.0,2025,9,Orai,1
113542.0,2025,11,Admin,3
113542.0,2025,11,Extra,1
113542.0,2025,11,Orai,4
113542.0,2025,12,Admin,3
113542.0,2025,12,Extra,24
113542.0,2025,12,Hazi,13
113542.0,2025,12,Orai,33
113542.0,2025,13,Admin,9
113542.0,2025,13,Extra,9
113542.0,2025,13,Hazi,2
113542.0,2025,13,Orai,25
113542.0,2025,13,Szamonkeres,36
113542.0,2025,14,Admin,2
113542.0,2025,14,Hazi,2
113542.0,2025,15,Admin,6
113542.0,2025,15,Extra,2
113542.0,2025,15,Hazi,23
113542.0,2025,16,Admin,2
113542.0,2025,16,Hazi,4
113542.0,2025,17,Admin,4
113542.0,2025,17,Hazi,6
113542.0,2025,18,Admin,1
113542.0,2025,18,Orai,2
113542.0,2025,18,Szamonkeres,3
113542.0,2025,19,Admin,3
113542.0,2025,19,Extra,2
113542.0,2025,19,Orai,28
113542.0,2025,20,Admin,29
113542.0,2025,20,Extra,1
113542.0,2025,20,Orai,28
113542.0,2025,20,Szamonkeres,15
113542.0,2025,21,Admin,2
113542.0,2025,21,Hazi,2
113542.0,2025,21,Szamonkeres,3
113551.0,2025,8,Admin,1
113551.0,2025,8,Orai,4
113551.0,2025,9,Orai,3
113551.0,2025,10,Admin,2
113551.0,2025,10,Orai,1
113551.0,2025,11,Admin,2
113551.0,2025,11,Extra,3
113551.0,2025,11,Orai,12
113551.0,2025,12,Admin,1
113551.0,2025,12,Extra,3
113551.0,2025,12,Hazi,15
113551.0,2025,12,Orai,15
113551.0,2025,13,Admin,5
113551.0,2025,13,Extra,37
113551.0,2025,13,Hazi,4
113551.0,2025,13,Orai,34
113551.0,2025,13,Szamonkeres,37
113551.0,2025,14,Admin,8
113551.0,2025,14,Extra,1
113551.0,2025,14,Hazi,3
113551.0,2025,14,Orai,3
113551.0,2025,15,Admin,4
113551.0,2025,15,Hazi,21
113551.0,2025,15,Orai,2
113551.0,2025,15,Szamonkeres,4
113551.0,2025,18,Admin,5
113551.0,2025,18,Hazi,3
113551.0,2025,19,Admin,16
113551.0,2025,19,Extra,9
113551.0,2025,19,Orai,20
113551.0,2025,20,Admin,10
113551.0,2025,20,Hazi,2
113551.0,2025,20,Orai,4
113551.0,2025,20,Szamonkeres,63
113551.0,2025,21,Admin,10
113551.0,2025,21,Orai,1
113561.0,2025,8,Admin,1
113561.0,2025,8,Orai,6
113561.0,2025,9,Orai,3
113561.0,2025,10,Orai,2
113561.0,2025,11,Extra,1
113561.0,2025,11,Orai,1
113561.0,2025,12,Hazi,15
113561.0,2025,12,Orai,3
113561.0,2025,13,Admin,14
113561.0,2025,13,Orai,8
113561.0,2025,13,Szamonkeres,25
113561.0,2025,14,Szamonkeres,4
113561.0,2025,15,Hazi,15
113561.0,2025,15,Orai,1
113561.0,2025,17,Hazi,3
113561.0,2025,18,Orai,1
113561.0,2025,20,Admin,19
113561.0,2025,20,Orai,2
113561.0,2025,20,Szamonkeres,14
113561.0,2025,21,Admin,2
113562.0,2025,8,Admin,2
113562.0,2025,8,Orai,6
113562.0,2025,9,Orai,2
113562.0,2025,10,Extra,1
113562.0,2025,10,Orai,6
113562.0,2025,11,Admin,1
113562.0,2025,11,Hazi,4
113562.0,2025,12,Admin,1
113562.0,2025,12,Extra,31
113562.0,2025,12,Hazi,15
113562.0,2025,12,Orai,23
113562.0,2025,13,Admin,2
113562.0,2025,13,Extra,8
113562.0,2025,13,Orai,4
113562.0,2025,13,Szamonkeres,32
113562.0,2025,15,Extra,1
113562.0,2025,15,Hazi,28
113562.0,2025,15,Orai,3
113562.0,2025,17,Admin,3
113562.0,2025,17,Hazi,2
113562.0,2025,17,Orai,1
113562.0,2025,18,Extra,2
113562.0,2025,18,Orai,1
113562.0,2025,19,Admin,6
113562.0,2025,19,Hazi,3
113562.0,2025,19,Orai,10
113562.0,2025,20,Admin,12
113562.0,2025,20,Hazi,15
113562.0,2025,20,Orai,2
113562.0,2025,20,Szamonkeres,31
113562.0,2025,21,Admin,1
113562.0,2025,21,Hazi,2
113565.0,2025,8,Admin,2
113565.0,2025,8,Orai,6
113565.0,2025,9,Orai,3
113565.0,2025,10,Orai,4
113565.0,2025,12,Extra,12
113565.0,2025,12,Hazi,13
113565.0,2025,12,Orai,18
113565.0,2025,13,Admin,13
113565.0,2025,13,Extra,3
113565.0,2025,13,Orai,1
113565.0,2025,13,Szamonkeres,20
113565.0,2025,15,Extra,2
113565.0,2025,15,Hazi,16
113565.0,2025,15,Orai,2
113565.0,2025,18,Extra,1
113565.0,2025,18,Orai,4
113565.0,2025,24,Admin,52
113565.0,2025,24,Extra,25
113565.0,2025,24,Hazi,3
113565.0,2025,24,Orai,52
113569.0,2025,8,Admin,2
113569.0,2025,8,Orai,12
113569.0,2025,9,Admin,1
113569.0,2025,9,Extra,1
113569.0,2025,9,Orai,6
113569.0,2025,10,Orai,5
113569.0,2025,11,Orai,8
113569.0,2025,12,Hazi,17
113569.0,2025,12,Orai,2
113569.0,2025,13,Admin,25
113569.0,2025,13,Extra,20
113569.0,2025,13,Hazi,11
113569.0,2025,13,Orai,16
113569.0,2025,13,Szamonkeres,17
113569.0,2025,14,Admin,18
113569.0,2025,14,Hazi,16
113569.0,2025,14,Orai,3
113569.0,2025,15,Admin,5
113569.0,2025,15,Hazi,4
113569.0,2025,15,Orai,2
113569.0,2025,15,Szamonkeres,3
113569.0,2025,16,Hazi,5
113569.0,2025,18,Orai,1
113569.0,2025,19,Admin,5
113569.0,2025,19,Orai,7
113569.0,2025,20,Admin,39
113569.0,2025,20,Extra,1
113569.0,2025,20,Orai,19
113569.0,2025,20,Szamonkeres,21
113569.0,2025,21,Admin,33
113569.0,2025,21,Hazi,9
113569.0,2025,22,Admin,1
113578.0,2025,8,Admin,2
113578.0,2025,8,Orai,5
113578.0,2025,9,Orai,3
113578.0,2025,10,Hazi,2
113578.0,2025,10,Orai,1
113578.0,2025,11,Extra,1
113578.0,2025,11,Hazi,2
113578.0,2025,11,Orai,1
113578.0,2025,12,Admin,1
113578.0,2025,12,Extra,29
113578.0,2025,12,Hazi,28
113578.0,2025,12,Orai,21
113578.0,2025,13,Admin,32
113578.0,2025,13,Extra,17
113578.0,2025,13,Hazi,6
113578.0,2025,13,Orai,3
113578.0,2025,13,Szamonkeres,39
113578.0,2025,15,Admin,2
113578.0,2025,15,Hazi,20
113578.0,2025,15,Orai,1
113578.0,2025,16,Admin,7
113578.0,2025,16,Hazi,3
113578.0,2025,19,Admin,2
113578.0,2025,19,Orai,3
113578.0,2025,20,Admin,10
113578.0,2025,20,Extra,1
113578.0,2025,20,Orai,10
113578.0,2025,20,Szamonkeres,45
113578.0,2025,21,Admin,18
113578.0,2025,21,Szamonkeres,3
113578.0,2025,23,Admin,10
113578.0,2025,23,Orai,1
113578.0,2025,23,Szamonkeres,42
113578.0,2025,24,Admin,9
113581.0,2025,8,Orai,2
113581.0,2025,9,Orai,7
113581.0,2025,10,Hazi,2
113581.0,2025,10,Orai,5
113581.0,2025,11,Hazi,4
113581.0,2025,11,Orai,1
113581.0,2025,12,Admin,1
113581.0,2025,12,Extra,1
113581.0,2025,12,Hazi,15
113581.0,2025,12,Orai,6
113581.0,2025,13,Admin,1
113581.0,2025,13,Extra,6
113581.0,2025,13,Orai,41
113581.0,2025,13,Szamonkeres,35
113581.0,2025,15,Hazi,15
113581.0,2025,15,Orai,5
113581.0,2025,17,Admin,6
113581.0,2025,17,Hazi,8
113581.0,2025,18,Orai,3
113581.0,2025,20,Admin,14
113581.0,2025,20,Extra,4
113581.0,2025,20,Orai,20
113581.0,2025,20,Szamonkeres,31
113581.0,2025,21,Admin,6
113581.0,2025,21,Orai,1
113586.0,2025,8,Admin,1
113586.0,2025,8,Orai,3
113586.0,2025,10,Admin,1
113586.0,2025,10,Hazi,2
113586.0,2025,10,Orai,6
113586.0,2025,11,Admin,1
113586.0,2025,12,Hazi,15
113586.0,2025,12,Orai,2
113586.0,2025,13,Admin,3
113586.0,2025,13,Extra,9
113586.0,2025,13,Orai,8
113586.0,2025,13,Szamonkeres,61
113586.0,2025,14,Extra,4
113586.0,2025,14,Hazi,17
113586.0,2025,14,Orai,7
113586.0,2025,15,Admin,5
113586.0,2025,16,Admin,6
113586.0,2025,18,Admin,1
113586.0,2025,19,Admin,4
113586.0,2025,19,Hazi,3
113586.0,2025,20,Admin,13
113586.0,2025,20,Extra,1
113586.0,2025,20,Orai,5
113586.0,2025,20,Szamonkeres,19
113586.0,2025,21,Admin,8
113657.0,2025,8,Extra,2
113657.0,2025,8,Orai,13
113657.0,2025,9,Orai,3
113657.0,2025,10,Admin,1
113657.0,2025,10,Hazi,2
113657.0,2025,10,Orai,10
113657.0,2025,11,Extra,1
113657.0,2025,11,Hazi,13
113657.0,2025,11,Orai,3
113657.0,2025,12,Hazi,2
113657.0,2025,13,Admin,14
113657.0,2025,13,Extra,13
113657.0,2025,13,Orai,16
113657.0,2025,13,Szamonkeres,16
113657.0,2025,15,Admin,3
113657.0,2025,15,Hazi,17
113657.0,2025,15,Orai,1
113657.0,2025,19,Admin,2
113657.0,2025,19,Orai,10
113657.0,2025,19,Szamonkeres,3
113657.0,2025,20,Admin,13
113657.0,2025,20,Orai,3
113657.0,2025,20,Szamonkeres,15
113657.0,2025,21,Admin,3
113699.0,2025,8,Admin,4
113699.0,2025,8,Orai,19
113699.0,2025,9,Orai,4
113699.0,2025,10,Orai,1
113699.0,2025,11,Extra,1
113699.0,2025,11,Orai,3
113699.0,2025,12,Admin,1
113699.0,2025,12,Extra,1
113699.0,2025,12,Hazi,19
113699.0,2025,12,Orai,2
113699.0,2025,13,Admin,5
113699.0,2025,13,Extra,39
113699.0,2025,13,Hazi,1
113699.0,2025,13,Orai,12
113699.0,2025,13,Szamonkeres,38
113699.0,2025,15,Admin,2
113699.0,2025,15,Hazi,18
113699.0,2025,18,Admin,2
113699.0,2025,18,Orai,6
113699.0,2025,19,Admin,6
113699.0,2025,20,Admin,18
113699.0,2025,20,Extra,3
113699.0,2025,20,Hazi,5
113699.0,2025,20,Orai,22
113699.0,2025,20,Szamonkeres,27
113699.0,2025,21,Admin,23
113699.0,2025,21,Extra,24
113699.0,2025,21,Hazi,3
113699.0,2025,21,Orai,34
113699.0,2025,23,Admin,5
113699.0,2025,24,Admin,1
113699.0,2025,25,Admin,2
113738.0,2025,9,Orai,1
113738.0,2025,11,Orai,2
113738.0,2025,12,Admin,2
113738.0,2025,12,Extra,21
113738.0,2025,12,Hazi,13
113738.0,2025,12,Orai,16
113738.0,2025,13,Admin,6
113738.0,2025,13,Extra,14
113738.0,2025,13,Orai,1
113738.0,2025,13,Szamonkeres,31
113738.0,2025,14,Admin,2
113738.0,2025,14,Hazi,2
113738.0,2025,15,Admin,11
113738.0,2025,15,Hazi,21
113738.0,2025,16,Admin,3
113738.0,2025,16,Hazi,6
113738.0,2025,19,Admin,1
113738.0,2025,19,Orai,5
113738.0,2025,20,Admin,13
113738.0,2025,20,Extra,2
113738.0,2025,20,Hazi,3
113738.0,2025,20,Orai,9
113738.0,2025,20,Szamonkeres,30
113738.0,2025,21,Admin,5
113744.0,2025,8,Orai,3
113744.0,2025,9,Orai,2
113744.0,2025,10,Orai,4
113744.0,2025,11,Admin,2
113744.0,2025,11,Orai,4
113744.0,2025,12,Admin,1
113744.0,2025,12,Extra,34
113744.0,2025,12,Hazi,13
113744.0,2025,12,Orai,8
113744.0,2025,13,Admin,18
113744.0,2025,13,Szamonkeres,19
113744.0,2025,15,Hazi,17
113744.0,2025,18,Admin,1
113744.0,2025,20,Admin,29
113744.0,2025,20,Extra,1
113744.0,2025,20,Orai,21
113744.0,2025,20,Szamonkeres,23
113744.0,2025,22,Admin,1
113759.0,2025,8,Admin,4
113759.0,2025,8,Orai,19
113759.0,2025,9,Orai,7
113759.0,2025,10,Admin,1
113759.0,2025,10,Extra,3
113759.0,2025,10,Orai,16
113759.0,2025,11,Extra,1
113759.0,2025,12,Extra,5
113759.0,2025,12,Hazi,19
113759.0,2025,12,Orai,8
113759.0,2025,13,Admin,44
113759.0,2025,13,Extra,32
113759.0,2025,13,Hazi,7
113759.0,2025,13,Orai,22
113759.0,2025,13,Szamonkeres,29
113759.0,2025,14,Admin,30
113759.0,2025,14,Extra,4
113759.0,2025,14,Hazi,3
113759.0,2025,14,Orai,8
113759.0,2025,14,Szamonkeres,2
113759.0,2025,15,Admin,17
113759.0,2025,15,Hazi,14
113759.0,2025,16,Hazi,3
113759.0,2025,18,Admin,1
113759.0,2025,19,Admin,1
113759.0,2025,19,Orai,1
113759.0,2025,20,Admin,30
113759.0,2025,20,Orai,6
113759.0,2025,20,Szamonkeres,11
113759.0,2025,21,Admin,19
113759.0,2025,21,Hazi,5
113759.0,2025,22,Admin,1
113797.0,2025,8,Admin,1
113797.0,2025,8,Orai,3
113797.0,2025,9,Orai,2
113797.0,2025,10,Orai,3
113797.0,2025,11,Hazi,2
113797.0,2025,11,Orai,3
113797.0,2025,12,Extra,1
113797.0,2025,12,Hazi,15
113797.0,2025,12,Orai,2
113797.0,2025,13,Szamonkeres,29
113797.0,2025,14,Admin,2
113797.0,2025,14,Extra,1
113797.0,2025,14,Hazi,4
113797.0,2025,14,Orai,1
113797.0,2025,15,Admin,10
113797.0,2025,15,Hazi,17
113797.0,2025,15,Orai,1
113797.0,2025,19,Hazi,3
113797.0,2025,19,Orai,1
113797.0,2025,20,Admin,13
113797.0,2025,20,Orai,3
113797.0,2025,20,Szamonkeres,16
113797.0,2025,21,Admin,15
113884.0,2025,8,Orai,5
113884.0,2025,10,Hazi,2
113884.0,2025,10,Orai,1
113884.0,2025,12,Extra,6
113884.0,2025,12,Hazi,13
113884.0,2025,13,Extra,28
113884.0,2025,13,Orai,5
113884.0,2025,13,Szamonkeres,29
113884.0,2025,15,Admin,5
113884.0,2025,15,Hazi,22
113884.0,2025,16,Admin,1
113884.0,2025,20,Admin,4
113884.0,2025,20,Szamonkeres,30
113892.0,2025,8,Orai,2
113892.0,2025,12,Extra,18
113892.0,2025,12,Hazi,15
113892.0,2025,12,Orai,7
113892.0,2025,13,Admin,6
113892.0,2025,13,Extra,19
113892.0,2025,13,Orai,3
113892.0,2025,13,Szamonkeres,32
113892.0,2025,15,Hazi,14
113892.0,2025,16,Hazi,2
113892.0,2025,20,Admin,19
113892.0,2025,20,Hazi,6
113892.0,2025,20,Szamonkeres,27
113892.0,2025,21,Admin,6
113892.0,2025,22,Admin,5
114718.0,2025,8,Orai,11
114718.0,2025,9,Admin,1
114718.0,2025,9,Orai,5
114718.0,2025,10,Admin,1
114718.0,2025,10,Extra,1
114718.0,2025,10,Orai,20
114718.0,2025,11,Extra,1
114718.0,2025,11,Orai,5
114718.0,2025,12,Admin,1
114718.0,2025,12,Extra,4
114718.0,2025,12,Hazi,21
114718.0,2025,12,Orai,12
114718.0,2025,13,Admin,6
114718.0,2025,13,Extra,48
114718.0,2025,13,Hazi,2
114718.0,2025,13,Orai,32
114718.0,2025,13,Szamonkeres,46
114718.0,2025,14,Admin,4
114718.0,2025,14,Extra,1
114718.0,2025,14,Orai,3
114718.0,2025,14,Szamonkeres,2
114718.0,2025,15,Admin,4
114718.0,2025,15,Extra,1
114718.0,2025,15,Hazi,1
114718.0,2025,15,Orai,4
114718.0,2025,16,Admin,6
114718.0,2025,16,Hazi,49
114718.0,2025,17,Hazi,8
114718.0,2025,18,Orai,3
114718.0,2025,19,Admin,4
114718.0,2025,19,Orai,5
114718.0,2025,20,Admin,19
114718.0,2025,20,Orai,29
114718.0,2025,20,Szamonkeres,55
114718.0,2025,21,Admin,11
114718.0,2025,21,Szamonkeres,3
114718.0,2025,22,Admin,3
