case:concept:name,_iso_year,_iso_week,time:timestamp,concept:name
106458.0,2025,8,2025-02-18 00:00:00+00:00,W08-2025
106458.0,2025,9,2025-02-25 00:00:00+00:00,W09-2025
106458.0,2025,10,2025-02-25 00:00:00+00:00,W10-2025
106458.0,2025,11,2025-03-11 00:00:00+00:00,W11-2025
106458.0,2025,12,2025-03-18 00:00:00+00:00,W12-2025
106458.0,2025,13,2025-03-25 00:00:00+00:00,W13-2025
106458.0,2025,14,2025-04-01 00:00:00+00:00,W14-2025
106458.0,2025,15,2025-04-08 00:00:00+00:00,W15-2025
106458.0,2025,16,2025-04-15 00:00:00+00:00,W16-2025
106458.0,2025,17,2025-04-22 00:00:00+00:00,W17-2025
106458.0,2025,18,2025-04-29 00:00:00+00:00,W18-2025
106458.0,2025,19,2025-05-06 00:00:00+00:00,W19-2025
106458.0,2025,20,2025-05-13 00:00:00+00:00,W20-2025
106458.0,2025,21,2025-05-20 00:00:00+00:00,W21-2025
106574.0,2025,8,2025-02-18 00:00:00+00:00,W08-2025
106574.0,2025,9,2025-02-25 00:00:00+00:00,W09-2025
106574.0,2025,11,2025-03-11 00:00:00+00:00,W11-2025
106574.0,2025,12,2025-03-18 00:00:00+00:00,W12-2025
106574.0,2025,13,2025-03-18 00:00:00+00:00,W13-2025
106574.0,2025,14,2025-04-01 00:00:00+00:00,W14-2025
106574.0,2025,15,2025-04-08 00:00:00+00:00,W15-2025
106574.0,2025,18,2025-04-22 00:00:00+00:00,W18-2025
106574.0,2025,19,2025-05-06 00:00:00+00:00,W19-2025
106574.0,2025,20,2025-05-13 00:00:00+00:00,W20-2025
106574.0,2025,21,2025-05-20 00:00:00+00:00,W21-2025
106599.0,2025,8,2025-02-18 00:00:00+00:00,W08-2025
106599.0,2025,10,2025-03-04 00:00:00+00:00,W10-2025
106599.0,2025,11,2025-03-11 00:00:00+00:00,W11-2025
106599.0,2025,12,2025-03-18 00:00:00+00:00,W12-2025
106599.0,2025,13,2025-03-18 00:00:00+00:00,W13-2025
106599.0,2025,14,2025-04-01 00:00:00+00:00,W14-2025
106599.0,2025,15,2025-04-01 00:00:00+00:00,W15-2025
106599.0,2025,17,2025-04-22 00:00:00+00:00,W17-2025
106599.0,2025,20,2025-05-13 00:00:00+00:00,W20-2025
106599.0,2025,21,2025-05-13 00:00:00+00:00,W21-2025
106599.0,2025,22,2025-05-27 00:00:00+00:00,W22-2025
106658.0,2025,8,2025-02-18 00:00:00+00:00,W08-2025
106658.0,2025,9,2025-02-25 00:00:00+00:00,W09-2025
106658.0,2025,10,2025-03-04 00:00:00+00:00,W10-2025
106658.0,2025,11,2025-03-11 00:00:00+00:00,W11-2025
106658.0,2025,12,2025-03-18 00:00:00+00:00,W12-2025
106658.0,2025,13,2025-03-18 00:00:00+00:00,W13-2025
106658.0,2025,14,2025-04-01 00:00:00+00:00,W14-2025
106658.0,2025,15,2025-04-08 00:00:00+00:00,W15-2025
106658.0,2025,16,2025-04-15 00:00:00+00:00,W16-2025
106658.0,2025,18,2025-04-29 00:00:00+00:00,W18-2025
106658.0,2025,19,2025-05-06 00:00:00+00:00,W19-2025
106658.0,2025,20,2025-05-06 00:00:00+00:00,W20-2025
106658.0,2025,21,2025-05-20 00:00:00+00:00,W21-2025
106745.0,2025,8,2025-02-18 00:00:00+00:00,W08-2025
106745.0,2025,9,2025-02-25 00:00:00+00:00,W09-2025
106745.0,2025,10,2025-03-04 00:00:00+00:00,W10-2025
106745.0,2025,11,2025-03-11 00:00:00+00:00,W11-2025
106745.0,2025,12,2025-03-18 00:00:00+00:00,W12-2025
106745.0,2025,13,2025-03-18 00:00:00+00:00,W13-2025
106745.0,2025,14,2025-04-01 00:00:00+00:00,W14-2025
106745.0,2025,15,2025-04-08 00:00:00+00:00,W15-2025
106745.0,2025,16,2025-04-08 00:00:00+00:00,W16-2025
106745.0,2025,18,2025-04-22 00:00:00+00:00,W18-2025
106745.0,2025,19,2025-05-06 00:00:00+00:00,W19-2025
106745.0,2025,20,2025-05-13 00:00:00+00:00,W20-2025
106745.0,2025,21,2025-05-20 00:00:00+00:00,W21-2025
106811.0,2025,8,2025-02-18 00:00:00+00:00,W08-2025
106811.0,2025,10,2025-03-04 00:00:00+00:00,W10-2025
106811.0,2025,11,2025-03-11 00:00:00+00:00,W11-2025
106811.0,2025,12,2025-03-18 00:00:00+00:00,W12-2025
106811.0,2025,13,2025-03-25 00:00:00+00:00,W13-2025
106811.0,2025,14,2025-04-01 00:00:00+00:00,W14-2025
106811.0,2025,15,2025-04-08 00:00:00+00:00,W15-2025
106811.0,2025,16,2025-04-08 00:00:00+00:00,W16-2025
106811.0,2025,17,2025-04-22 00:00:00+00:00,W17-2025
106811.0,2025,18,2025-04-29 00:00:00+00:00,W18-2025
106811.0,2025,19,2025-05-06 00:00:00+00:00,W19-2025
106811.0,2025,20,2025-05-13 00:00:00+00:00,W20-2025
106811.0,2025,21,2025-05-13 00:00:00+00:00,W21-2025
106976.0,2025,8,2025-02-18 00:00:00+00:00,W08-2025
106976.0,2025,10,2025-03-04 00:00:00+00:00,W10-2025
106976.0,2025,11,2025-03-11 00:00:00+00:00,W11-2025
106976.0,2025,12,2025-03-18 00:00:00+00:00,W12-2025
106976.0,2025,13,2025-03-18 00:00:00+00:00,W13-2025
106976.0,2025,14,2025-04-01 00:00:00+00:00,W14-2025
106976.0,2025,15,2025-04-08 00:00:00+00:00,W15-2025
106976.0,2025,17,2025-04-22 00:00:00+00:00,W17-2025
106976.0,2025,19,2025-05-06 00:00:00+00:00,W19-2025
106976.0,2025,20,2025-05-13 00:00:00+00:00,W20-2025
106976.0,2025,21,2025-05-13 00:00:00+00:00,W21-2025
106976.0,2025,22,2025-05-27 00:00:00+00:00,W22-2025
107015.0,2025,8,2025-02-18 00:00:00+00:00,W08-2025
107015.0,2025,10,2025-03-04 00:00:00+00:00,W10-2025
107015.0,2025,12,2025-03-18 00:00:00+00:00,W12-2025
107015.0,2025,13,2025-03-25 00:00:00+00:00,W13-2025
107015.0,2025,14,2025-04-01 00:00:00+00:00,W14-2025
107015.0,2025,15,2025-04-08 00:00:00+00:00,W15-2025
107015.0,2025,19,2025-05-06 00:00:00+00:00,W19-2025
107015.0,2025,20,2025-05-13 00:00:00+00:00,W20-2025
107015.0,2025,21,2025-05-20 00:00:00+00:00,W21-2025
107123.0,2025,8,2025-02-18 00:00:00+00:00,W08-2025
107123.0,2025,9,2025-02-25 00:00:00+00:00,W09-2025
107123.0,2025,10,2025-03-04 00:00:00+00:00,W10-2025
107123.0,2025,11,2025-03-11 00:00:00+00:00,W11-2025
107123.0,2025,12,2025-03-18 00:00:00+00:00,W12-2025
107123.0,2025,13,2025-03-18 00:00:00+00:00,W13-2025
107123.0,2025,14,2025-03-25 00:00:00+00:00,W14-2025
107123.0,2025,15,2025-04-08 00:00:00+00:00,W15-2025
107123.0,2025,16,2025-04-15 00:00:00+00:00,W16-2025
107123.0,2025,18,2025-04-29 00:00:00+00:00,W18-2025
107123.0,2025,19,2025-04-29 00:00:00+00:00,W19-2025
107123.0,2025,20,2025-05-13 00:00:00+00:00,W20-2025
107123.0,2025,21,2025-05-20 00:00:00+00:00,W21-2025
107123.0,2025,23,2025-06-03 00:00:00+00:00,W23-2025
107317.0,2025,8,2025-02-18 00:00:00+00:00,W08-2025
107317.0,2025,9,2025-02-25 00:00:00+00:00,W09-2025
107317.0,2025,10,2025-03-04 00:00:00+00:00,W10-2025
107317.0,2025,11,2025-03-11 00:00:00+00:00,W11-2025
107317.0,2025,12,2025-03-18 00:00:00+00:00,W12-2025
107317.0,2025,13,2025-03-18 00:00:00+00:00,W13-2025
107317.0,2025,14,2025-04-01 00:00:00+00:00,W14-2025
107317.0,2025,15,2025-04-01 00:00:00+00:00,W15-2025
107317.0,2025,17,2025-04-22 00:00:00+00:00,W17-2025
107317.0,2025,18,2025-04-29 00:00:00+00:00,W18-2025
107317.0,2025,19,2025-05-06 00:00:00+00:00,W19-2025
107317.0,2025,20,2025-05-13 00:00:00+00:00,W20-2025
107317.0,2025,21,2025-05-20 00:00:00+00:00,W21-2025
113217.0,2025,12,2025-03-18 00:00:00+00:00,W12-2025
113217.0,2025,15,2025-04-08 00:00:00+00:00,W15-2025
113217.0,2025,20,2025-05-13 00:00:00+00:00,W20-2025
113217.0,2025,22,2025-05-27 00:00:00+00:00,W22-2025
113217.0,2025,23,2025-06-03 00:00:00+00:00,W23-2025
113217.0,2025,24,2025-06-03 00:00:00+00:00,W24-2025
113222.0,2025,8,2025-02-18 00:00:00+00:00,W08-2025
113222.0,2025,9,2025-02-25 00:00:00+00:00,W09-2025
113222.0,2025,10,2025-03-04 00:00:00+00:00,W10-2025
113222.0,2025,11,2025-03-11 00:00:00+00:00,W11-2025
113222.0,2025,12,2025-03-18 00:00:00+00:00,W12-2025
113222.0,2025,13,2025-03-18 00:00:00+00:00,W13-2025
113222.0,2025,14,2025-04-01 00:00:00+00:00,W14-2025
113222.0,2025,15,2025-04-01 00:00:00+00:00,W15-2025
113222.0,2025,16,2025-04-08 00:00:00+00:00,W16-2025
113222.0,2025,18,2025-04-29 00:00:00+00:00,W18-2025
113222.0,2025,19,2025-05-06 00:00:00+00:00,W19-2025
113222.0,2025,20,2025-05-13 00:00:00+00:00,W20-2025
113222.0,2025,21,2025-05-20 00:00:00+00:00,W21-2025
113224.0,2025,8,2025-02-18 00:00:00+00:00,W08-2025
113224.0,2025,9,2025-02-25 00:00:00+00:00,W09-2025
113224.0,2025,10,2025-03-04 00:00:00+00:00,W10-2025
113224.0,2025,11,2025-03-11 00:00:00+00:00,W11-2025
113224.0,2025,12,2025-03-18 00:00:00+00:00,W12-2025
113224.0,2025,13,2025-03-18 00:00:00+00:00,W13-2025
113224.0,2025,14,2025-03-25 00:00:00+00:00,W14-2025
113224.0,2025,15,2025-04-08 00:00:00+00:00,W15-2025
113224.0,2025,16,2025-04-15 00:00:00+00:00,W16-2025
113224.0,2025,18,2025-04-29 00:00:00+00:00,W18-2025
113224.0,2025,20,2025-05-13 00:00:00+00:00,W20-2025
113224.0,2025,21,2025-05-13 00:00:00+00:00,W21-2025
113226.0,2025,8,2025-02-11 00:00:00+00:00,W08-2025
113226.0,2025,9,2025-02-25 00:00:00+00:00,W09-2025
113226.0,2025,10,2025-03-04 00:00:00+00:00,W10-2025
113226.0,2025,11,2025-03-04 00:00:00+00:00,W11-2025
113226.0,2025,12,2025-03-18 00:00:00+00:00,W12-2025
113226.0,2025,13,2025-03-25 00:00:00+00:00,W13-2025
113226.0,2025,15,2025-04-01 00:00:00+00:00,W15-2025
113226.0,2025,19,2025-05-06 00:00:00+00:00,W19-2025
113226.0,2025,20,2025-05-13 00:00:00+00:00,W20-2025
113226.0,2025,21,2025-05-20 00:00:00+00:00,W21-2025
113226.0,2025,22,2025-05-27 00:00:00+00:00,W22-2025
113226.0,2025,23,2025-06-03 00:00:00+00:00,W23-2025
113226.0,2025,24,2025-06-10 00:00:00+00:00,W24-2025
113227.0,2025,9,2025-02-25 00:00:00+00:00,W09-2025
113227.0,2025,10,2025-03-04 00:00:00+00:00,W10-2025
113227.0,2025,11,2025-03-11 00:00:00+00:00,W11-2025
113227.0,2025,12,2025-03-18 00:00:00+00:00,W12-2025
113227.0,2025,13,2025-03-18 00:00:00+00:00,W13-2025
113227.0,2025,14,2025-04-01 00:00:00+00:00,W14-2025
113227.0,2025,15,2025-04-08 00:00:00+00:00,W15-2025
113227.0,2025,18,2025-04-29 00:00:00+00:00,W18-2025
113227.0,2025,19,2025-05-06 00:00:00+00:00,W19-2025
113227.0,2025,20,2025-05-13 00:00:00+00:00,W20-2025
113227.0,2025,21,2025-05-20 00:00:00+00:00,W21-2025
113229.0,2025,8,2025-02-18 00:00:00+00:00,W08-2025
113229.0,2025,9,2025-02-25 00:00:00+00:00,W09-2025
113229.0,2025,10,2025-03-04 00:00:00+00:00,W10-2025
113229.0,2025,12,2025-03-18 00:00:00+00:00,W12-2025
113229.0,2025,13,2025-03-18 00:00:00+00:00,W13-2025
113229.0,2025,15,2025-04-08 00:00:00+00:00,W15-2025
113229.0,2025,16,2025-04-15 00:00:00+00:00,W16-2025
113229.0,2025,19,2025-05-06 00:00:00+00:00,W19-2025
113229.0,2025,20,2025-05-13 00:00:00+00:00,W20-2025
113229.0,2025,21,2025-05-20 00:00:00+00:00,W21-2025
113234.0,2025,8,2025-02-18 00:00:00+00:00,W08-2025
113234.0,2025,9,2025-02-25 00:00:00+00:00,W09-2025
113234.0,2025,10,2025-03-04 00:00:00+00:00,W10-2025
113234.0,2025,11,2025-03-11 00:00:00+00:00,W11-2025
113234.0,2025,12,2025-03-18 00:00:00+00:00,W12-2025
113234.0,2025,13,2025-03-18 00:00:00+00:00,W13-2025
113234.0,2025,14,2025-03-25 00:00:00+00:00,W14-2025
113234.0,2025,15,2025-04-01 00:00:00+00:00,W15-2025
113234.0,2025,18,2025-04-29 00:00:00+00:00,W18-2025
113234.0,2025,19,2025-05-06 00:00:00+00:00,W19-2025
113234.0,2025,20,2025-05-13 00:00:00+00:00,W20-2025
113234.0,2025,21,2025-05-13 00:00:00+00:00,W21-2025
113239.0,2025,8,2025-02-18 00:00:00+00:00,W08-2025
113239.0,2025,9,2025-02-25 00:00:00+00:00,W09-2025
113239.0,2025,10,2025-03-04 00:00:00+00:00,W10-2025
113239.0,2025,11,2025-03-11 00:00:00+00:00,W11-2025
113239.0,2025,12,2025-03-18 00:00:00+00:00,W12-2025
113239.0,2025,13,2025-03-25 00:00:00+00:00,W13-2025
113239.0,2025,14,2025-04-01 00:00:00+00:00,W14-2025
113239.0,2025,15,2025-04-08 00:00:00+00:00,W15-2025
113239.0,2025,19,2025-05-06 00:00:00+00:00,W19-2025
113239.0,2025,20,2025-05-13 00:00:00+00:00,W20-2025
113239.0,2025,21,2025-05-13 00:00:00+00:00,W21-2025
113241.0,2025,8,2025-02-18 00:00:00+00:00,W08-2025
113241.0,2025,9,2025-02-25 00:00:00+00:00,W09-2025
113241.0,2025,10,2025-03-04 00:00:00+00:00,W10-2025
113241.0,2025,11,2025-03-11 00:00:00+00:00,W11-2025
113241.0,2025,12,2025-03-18 00:00:00+00:00,W12-2025
113241.0,2025,13,2025-03-25 00:00:00+00:00,W13-2025
113241.0,2025,14,2025-03-25 00:00:00+00:00,W14-2025
113241.0,2025,15,2025-04-01 00:00:00+00:00,W15-2025
113241.0,2025,16,2025-04-15 00:00:00+00:00,W16-2025
113241.0,2025,18,2025-04-29 00:00:00+00:00,W18-2025
113241.0,2025,19,2025-05-06 00:00:00+00:00,W19-2025
113241.0,2025,20,2025-05-13 00:00:00+00:00,W20-2025
113241.0,2025,21,2025-05-13 00:00:00+00:00,W21-2025
113241.0,2025,22,2025-05-27 00:00:00+00:00,W22-2025
113245.0,2025,8,2025-02-18 00:00:00+00:00,W08-2025
113245.0,2025,9,2025-02-25 00:00:00+00:00,W09-2025
113245.0,2025,11,2025-03-11 00:00:00+00:00,W11-2025
113245.0,2025,12,2025-03-18 00:00:00+00:00,W12-2025
113245.0,2025,13,2025-03-25 00:00:00+00:00,W13-2025
113245.0,2025,14,2025-04-01 00:00:00+00:00,W14-2025
113245.0,2025,15,2025-04-08 00:00:00+00:00,W15-2025
113245.0,2025,19,2025-05-06 00:00:00+00:00,W19-2025
113245.0,2025,20,2025-05-13 00:00:00+00:00,W20-2025
113245.0,2025,21,2025-05-20 00:00:00+00:00,W21-2025
113251.0,2025,8,2025-02-11 00:00:00+00:00,W08-2025
113251.0,2025,9,2025-02-25 00:00:00+00:00,W09-2025
113251.0,2025,10,2025-02-25 00:00:00+00:00,W10-2025
113251.0,2025,11,2025-03-04 00:00:00+00:00,W11-2025
113251.0,2025,12,2025-03-11 00:00:00+00:00,W12-2025
113251.0,2025,13,2025-03-18 00:00:00+00:00,W13-2025
113251.0,2025,14,2025-04-01 00:00:00+00:00,W14-2025
113251.0,2025,15,2025-04-01 00:00:00+00:00,W15-2025
113251.0,2025,16,2025-04-08 00:00:00+00:00,W16-2025
113251.0,2025,17,2025-04-22 00:00:00+00:00,W17-2025
113251.0,2025,18,2025-04-29 00:00:00+00:00,W18-2025
113251.0,2025,19,2025-04-29 00:00:00+00:00,W19-2025
113251.0,2025,20,2025-05-13 00:00:00+00:00,W20-2025
113251.0,2025,21,2025-05-13 00:00:00+00:00,W21-2025
113251.0,2025,22,2025-05-20 00:00:00+00:00,W22-2025
113251.0,2025,23,2025-06-03 00:00:00+00:00,W23-2025
113251.0,2025,24,2025-06-10 00:00:00+00:00,W24-2025
113251.0,2025,25,2025-06-10 00:00:00+00:00,W25-2025
113256.0,2025,8,2025-02-18 00:00:00+00:00,W08-2025
113256.0,2025,9,2025-02-18 00:00:00+00:00,W09-2025
113256.0,2025,10,2025-03-04 00:00:00+00:00,W10-2025
113256.0,2025,11,2025-03-11 00:00:00+00:00,W11-2025
113256.0,2025,12,2025-03-18 00:00:00+00:00,W12-2025
113256.0,2025,13,2025-03-25 00:00:00+00:00,W13-2025
113256.0,2025,14,2025-03-25 00:00:00+00:00,W14-2025
113256.0,2025,15,2025-04-08 00:00:00+00:00,W15-2025
113256.0,2025,18,2025-04-29 00:00:00+00:00,W18-2025
113256.0,2025,19,2025-05-06 00:00:00+00:00,W19-2025
113256.0,2025,20,2025-05-13 00:00:00+00:00,W20-2025
113256.0,2025,21,2025-05-20 00:00:00+00:00,W21-2025
113257.0,2025,8,2025-02-18 00:00:00+00:00,W08-2025
113257.0,2025,9,2025-02-25 00:00:00+00:00,W09-2025
113257.0,2025,10,2025-03-04 00:00:00+00:00,W10-2025
113257.0,2025,12,2025-03-18 00:00:00+00:00,W12-2025
113257.0,2025,13,2025-03-25 00:00:00+00:00,W13-2025
113257.0,2025,14,2025-04-01 00:00:00+00:00,W14-2025
113257.0,2025,15,2025-04-08 00:00:00+00:00,W15-2025
113257.0,2025,17,2025-04-22 00:00:00+00:00,W17-2025
113257.0,2025,19,2025-05-06 00:00:00+00:00,W19-2025
113257.0,2025,20,2025-05-13 00:00:00+00:00,W20-2025
113257.0,2025,21,2025-05-20 00:00:00+00:00,W21-2025
113257.0,2025,23,2025-06-03 00:00:00+00:00,W23-2025
113257.0,2025,24,2025-06-03 00:00:00+00:00,W24-2025
113257.0,2025,25,2025-06-10 00:00:00+00:00,W25-2025
113260.0,2025,9,2025-02-25 00:00:00+00:00,W09-2025
113260.0,2025,10,2025-03-04 00:00:00+00:00,W10-2025
113260.0,2025,11,2025-03-11 00:00:00+00:00,W11-2025
113260.0,2025,12,2025-03-18 00:00:00+00:00,W12-2025
113260.0,2025,13,2025-03-18 00:00:00+00:00,W13-2025
113260.0,2025,14,2025-04-01 00:00:00+00:00,W14-2025
113260.0,2025,15,2025-04-08 00:00:00+00:00,W15-2025
113260.0,2025,20,2025-05-13 00:00:00+00:00,W20-2025
113260.0,2025,21,2025-05-20 00:00:00+00:00,W21-2025
113263.0,2025,8,2025-02-18 00:00:00+00:00,W08-2025
113263.0,2025,10,2025-03-04 00:00:00+00:00,W10-2025
113263.0,2025,11,2025-03-11 00:00:00+00:00,W11-2025
113263.0,2025,12,2025-03-18 00:00:00+00:00,W12-2025
113263.0,2025,13,2025-03-18 00:00:00+00:00,W13-2025
113263.0,2025,14,2025-04-01 00:00:00+00:00,W14-2025
113263.0,2025,16,2025-04-15 00:00:00+00:00,W16-2025
113263.0,2025,20,2025-05-06 00:00:00+00:00,W20-2025
113263.0,2025,21,2025-05-20 00:00:00+00:00,W21-2025
113264.0,2025,8,2025-02-18 00:00:00+00:00,W08-2025
113264.0,2025,9,2025-02-25 00:00:00+00:00,W09-2025
113264.0,2025,10,2025-03-04 00:00:00+00:00,W10-2025
113264.0,2025,11,2025-03-11 00:00:00+00:00,W11-2025
113264.0,2025,12,2025-03-18 00:00:00+00:00,W12-2025
113264.0,2025,13,2025-03-18 00:00:00+00:00,W13-2025
113264.0,2025,14,2025-03-25 00:00:00+00:00,W14-2025
113264.0,2025,15,2025-04-01 00:00:00+00:00,W15-2025
113264.0,2025,19,2025-05-06 00:00:00+00:00,W19-2025
113264.0,2025,20,2025-05-13 00:00:00+00:00,W20-2025
113264.0,2025,21,2025-05-13 00:00:00+00:00,W21-2025
113264.0,2025,22,2025-05-20 00:00:00+00:00,W22-2025
113265.0,2025,11,2025-03-11 00:00:00+00:00,W11-2025
113265.0,2025,12,2025-03-18 00:00:00+00:00,W12-2025
113265.0,2025,15,2025-04-08 00:00:00+00:00,W15-2025
113265.0,2025,20,2025-05-13 00:00:00+00:00,W20-2025
113265.0,2025,22,2025-05-27 00:00:00+00:00,W22-2025
113265.0,2025,23,2025-05-27 00:00:00+00:00,W23-2025
113265.0,2025,24,2025-06-03 00:00:00+00:00,W24-2025
113265.0,2025,25,2025-06-10 00:00:00+00:00,W25-2025
113267.0,2025,8,2025-02-18 00:00:00+00:00,W08-2025
113267.0,2025,9,2025-02-18 00:00:00+00:00,W09-2025
113267.0,2025,11,2025-03-11 00:00:00+00:00,W11-2025
113267.0,2025,12,2025-03-18 00:00:00+00:00,W12-2025
113267.0,2025,13,2025-03-18 00:00:00+00:00,W13-2025
113267.0,2025,14,2025-04-01 00:00:00+00:00,W14-2025
113267.0,2025,15,2025-04-01 00:00:00+00:00,W15-2025
113267.0,2025,18,2025-04-29 00:00:00+00:00,W18-2025
113267.0,2025,19,2025-05-06 00:00:00+00:00,W19-2025
113267.0,2025,20,2025-05-13 00:00:00+00:00,W20-2025
113267.0,2025,21,2025-05-20 00:00:00+00:00,W21-2025
113267.0,2025,22,2025-05-20 00:00:00+00:00,W22-2025
113270.0,2025,8,2025-02-11 00:00:00+00:00,W08-2025
113270.0,2025,9,2025-02-25 00:00:00+00:00,W09-2025
113270.0,2025,10,2025-03-04 00:00:00+00:00,W10-2025
113270.0,2025,11,2025-03-11 00:00:00+00:00,W11-2025
113270.0,2025,12,2025-03-11 00:00:00+00:00,W12-2025
113270.0,2025,13,2025-03-25 00:00:00+00:00,W13-2025
113270.0,2025,14,2025-03-25 00:00:00+00:00,W14-2025
113270.0,2025,15,2025-04-08 00:00:00+00:00,W15-2025
113270.0,2025,17,2025-04-22 00:00:00+00:00,W17-2025
113270.0,2025,18,2025-04-29 00:00:00+00:00,W18-2025
113270.0,2025,19,2025-05-06 00:00:00+00:00,W19-2025
113270.0,2025,20,2025-05-13 00:00:00+00:00,W20-2025
113270.0,2025,21,2025-05-13 00:00:00+00:00,W21-2025
113274.0,2025,8,2025-02-18 00:00:00+00:00,W08-2025
113274.0,2025,9,2025-02-25 00:00:00+00:00,W09-2025
113274.0,2025,10,2025-03-04 00:00:00+00:00,W10-2025
113274.0,2025,11,2025-03-11 00:00:00+00:00,W11-2025
113274.0,2025,12,2025-03-18 00:00:00+00:00,W12-2025
113274.0,2025,13,2025-03-18 00:00:00+00:00,W13-2025
113274.0,2025,14,2025-04-01 00:00:00+00:00,W14-2025
113274.0,2025,15,2025-04-01 00:00:00+00:00,W15-2025
113274.0,2025,17,2025-04-22 00:00:00+00:00,W17-2025
113274.0,2025,18,2025-04-29 00:00:00+00:00,W18-2025
113274.0,2025,19,2025-05-06 00:00:00+00:00,W19-2025
113274.0,2025,20,2025-05-06 00:00:00+00:00,W20-2025
113274.0,2025,21,2025-05-20 00:00:00+00:00,W21-2025
113277.0,2025,8,2025-02-18 00:00:00+00:00,W08-2025
113277.0,2025,9,2025-02-25 00:00:00+00:00,W09-2025
113277.0,2025,10,2025-03-04 00:00:00+00:00,W10-2025
113277.0,2025,11,2025-03-11 00:00:00+00:00,W11-2025
113277.0,2025,12,2025-03-18 00:00:00+00:00,W12-2025
113277.0,2025,13,2025-03-18 00:00:00+00:00,W13-2025
113277.0,2025,14,2025-04-01 00:00:00+00:00,W14-2025
113277.0,2025,15,2025-04-01 00:00:00+00:00,W15-2025
113277.0,2025,16,2025-04-15 00:00:00+00:00,W16-2025
113277.0,2025,18,2025-04-29 00:00:00+00:00,W18-2025
113277.0,2025,19,2025-05-06 00:00:00+00:00,W19-2025
113277.0,2025,20,2025-05-06 00:00:00+00:00,W20-2025
113277.0,2025,21,2025-05-20 00:00:00+00:00,W21-2025
113278.0,2025,8,2025-02-18 00:00:00+00:00,W08-2025
113278.0,2025,9,2025-02-25 00:00:00+00:00,W09-2025
113278.0,2025,11,2025-03-11 00:00:00+00:00,W11-2025
113278.0,2025,12,2025-03-11 00:00:00+00:00,W12-2025
113278.0,2025,13,2025-03-18 00:00:00+00:00,W13-2025
113278.0,2025,14,2025-03-25 00:00:00+00:00,W14-2025
113278.0,2025,15,2025-04-08 00:00:00+00:00,W15-2025
113278.0,2025,16,2025-04-08 00:00:00+00:00,W16-2025
113278.0,2025,17,2025-04-22 00:00:00+00:00,W17-2025
113278.0,2025,18,2025-04-22 00:00:00+00:00,W18-2025
113278.0,2025,19,2025-05-06 00:00:00+00:00,W19-2025
113278.0,2025,20,2025-05-13 00:00:00+00:00,W20-2025
113278.0,2025,21,2025-05-20 00:00:00+00:00,W21-2025
113284.0,2025,8,2025-02-18 00:00:00+00:00,W08-2025
113284.0,2025,12,2025-03-18 00:00:00+00:00,W12-2025
113284.0,2025,13,2025-03-25 00:00:00+00:00,W13-2025
113284.0,2025,14,2025-03-25 00:00:00+00:00,W14-2025
113284.0,2025,15,2025-04-08 00:00:00+00:00,W15-2025
113284.0,2025,18,2025-04-29 00:00:00+00:00,W18-2025
113284.0,2025,19,2025-05-06 00:00:00+00:00,W19-2025
113284.0,2025,20,2025-05-06 00:00:00+00:00,W20-2025
113284.0,2025,21,2025-05-20 00:00:00+00:00,W21-2025
113311.0,2025,8,2025-02-18 00:00:00+00:00,W08-2025
113311.0,2025,9,2025-02-25 00:00:00+00:00,W09-2025
113311.0,2025,10,2025-03-04 00:00:00+00:00,W10-2025
113311.0,2025,11,2025-03-11 00:00:00+00:00,W11-2025
113311.0,2025,12,2025-03-18 00:00:00+00:00,W12-2025
113311.0,2025,13,2025-03-18 00:00:00+00:00,W13-2025
113311.0,2025,14,2025-03-25 00:00:00+00:00,W14-2025
113311.0,2025,15,2025-04-08 00:00:00+00:00,W15-2025
113311.0,2025,17,2025-04-22 00:00:00+00:00,W17-2025
113311.0,2025,18,2025-04-29 00:00:00+00:00,W18-2025
113311.0,2025,19,2025-05-06 00:00:00+00:00,W19-2025
113311.0,2025,20,2025-05-06 00:00:00+00:00,W20-2025
113311.0,2025,21,2025-05-13 00:00:00+00:00,W21-2025
113317.0,2025,8,2025-02-18 00:00:00+00:00,W08-2025
113317.0,2025,9,2025-02-25 00:00:00+00:00,W09-2025
113317.0,2025,11,2025-03-04 00:00:00+00:00,W11-2025
113317.0,2025,12,2025-03-18 00:00:00+00:00,W12-2025
113317.0,2025,13,2025-03-18 00:00:00+00:00,W13-2025
113317.0,2025,14,2025-03-25 00:00:00+00:00,W14-2025
113317.0,2025,15,2025-04-01 00:00:00+00:00,W15-2025
113317.0,2025,16,2025-04-15 00:00:00+00:00,W16-2025
113317.0,2025,17,2025-04-22 00:00:00+00:00,W17-2025
113317.0,2025,19,2025-05-06 00:00:00+00:00,W19-2025
113317.0,2025,20,2025-05-13 00:00:00+00:00,W20-2025
113317.0,2025,21,2025-05-20 00:00:00+00:00,W21-2025
113317.0,2025,22,2025-05-27 00:00:00+00:00,W22-2025
113320.0,2025,8,2025-02-18 00:00:00+00:00,W08-2025
113320.0,2025,10,2025-03-04 00:00:00+00:00,W10-2025
113320.0,2025,12,2025-03-18 00:00:00+00:00,W12-2025
113320.0,2025,13,2025-03-25 00:00:00+00:00,W13-2025
113320.0,2025,14,2025-03-25 00:00:00+00:00,W14-2025
113320.0,2025,15,2025-04-08 00:00:00+00:00,W15-2025
113320.0,2025,20,2025-05-13 00:00:00+00:00,W20-2025
113323.0,2025,8,2025-02-11 00:00:00+00:00,W08-2025
113323.0,2025,9,2025-02-25 00:00:00+00:00,W09-2025
113323.0,2025,12,2025-03-18 00:00:00+00:00,W12-2025
113323.0,2025,13,2025-03-18 00:00:00+00:00,W13-2025
113323.0,2025,14,2025-04-01 00:00:00+00:00,W14-2025
113323.0,2025,15,2025-04-08 00:00:00+00:00,W15-2025
113323.0,2025,16,2025-04-15 00:00:00+00:00,W16-2025
113323.0,2025,17,2025-04-22 00:00:00+00:00,W17-2025
113323.0,2025,18,2025-04-29 00:00:00+00:00,W18-2025
113323.0,2025,19,2025-05-06 00:00:00+00:00,W19-2025
113323.0,2025,20,2025-05-06 00:00:00+00:00,W20-2025
113323.0,2025,21,2025-05-13 00:00:00+00:00,W21-2025
113324.0,2025,8,2025-02-18 00:00:00+00:00,W08-2025
113324.0,2025,9,2025-02-25 00:00:00+00:00,W09-2025
113324.0,2025,11,2025-03-11 00:00:00+00:00,W11-2025
113324.0,2025,12,2025-03-18 00:00:00+00:00,W12-2025
113324.0,2025,13,2025-03-25 00:00:00+00:00,W13-2025
113324.0,2025,15,2025-04-08 00:00:00+00:00,W15-2025
113324.0,2025,20,2025-05-13 00:00:00+00:00,W20-2025
113324.0,2025,21,2025-05-20 00:00:00+00:00,W21-2025
113324.0,2025,23,2025-05-27 00:00:00+00:00,W23-2025
113325.0,2025,8,2025-02-18 00:00:00+00:00,W08-2025
113325.0,2025,9,2025-02-25 00:00:00+00:00,W09-2025
113325.0,2025,10,2025-03-04 00:00:00+00:00,W10-2025
113325.0,2025,12,2025-03-18 00:00:00+00:00,W12-2025
113325.0,2025,13,2025-03-25 00:00:00+00:00,W13-2025
113325.0,2025,15,2025-04-08 00:00:00+00:00,W15-2025
113325.0,2025,19,2025-05-06 00:00:00+00:00,W19-2025
113325.0,2025,20,2025-05-13 00:00:00+00:00,W20-2025
113325.0,2025,21,2025-05-13 00:00:00+00:00,W21-2025
113325.0,2025,23,2025-06-03 00:00:00+00:00,W23-2025
113326.0,2025,8,2025-02-18 00:00:00+00:00,W08-2025
113326.0,2025,10,2025-03-04 00:00:00+00:00,W10-2025
113326.0,2025,11,2025-03-11 00:00:00+00:00,W11-2025
113326.0,2025,12,2025-03-18 00:00:00+00:00,W12-2025
113326.0,2025,13,2025-03-25 00:00:00+00:00,W13-2025
113326.0,2025,14,2025-04-01 00:00:00+00:00,W14-2025
113326.0,2025,15,2025-04-08 00:00:00+00:00,W15-2025
113326.0,2025,17,2025-04-22 00:00:00+00:00,W17-2025
113326.0,2025,20,2025-05-13 00:00:00+00:00,W20-2025
113341.0,2025,8,2025-02-18 00:00:00+00:00,W08-2025
113341.0,2025,9,2025-02-25 00:00:00+00:00,W09-2025
113341.0,2025,10,2025-02-25 00:00:00+00:00,W10-2025
113341.0,2025,12,2025-03-18 00:00:00+00:00,W12-2025
113341.0,2025,13,2025-03-18 00:00:00+00:00,W13-2025
113341.0,2025,14,2025-04-01 00:00:00+00:00,W14-2025
113341.0,2025,15,2025-04-08 00:00:00+00:00,W15-2025
113341.0,2025,16,2025-04-08 00:00:00+00:00,W16-2025
113341.0,2025,18,2025-04-22 00:00:00+00:00,W18-2025
113341.0,2025,20,2025-05-13 00:00:00+00:00,W20-2025
113341.0,2025,21,2025-05-20 00:00:00+00:00,W21-2025
113341.0,2025,22,2025-05-27 00:00:00+00:00,W22-2025
113341.0,2025,23,2025-06-03 00:00:00+00:00,W23-2025
113344.0,2025,8,2025-02-18 00:00:00+00:00,W08-2025
113344.0,2025,10,2025-03-04 00:00:00+00:00,W10-2025
113344.0,2025,11,2025-03-11 00:00:00+00:00,W11-2025
113344.0,2025,12,2025-03-11 00:00:00+00:00,W12-2025
113344.0,2025,13,2025-03-18 00:00:00+00:00,W13-2025
113344.0,2025,14,2025-04-01 00:00:00+00:00,W14-2025
113344.0,2025,15,2025-04-08 00:00:00+00:00,W15-2025
113344.0,2025,17,2025-04-22 00:00:00+00:00,W17-2025
113344.0,2025,18,2025-04-29 00:00:00+00:00,W18-2025
113344.0,2025,19,2025-05-06 00:00:00+00:00,W19-2025
113344.0,2025,20,2025-05-13 00:00:00+00:00,W20-2025
113344.0,2025,21,2025-05-13 00:00:00+00:00,W21-2025
113347.0,2025,8,2025-02-18 00:00:00+00:00,W08-2025
113347.0,2025,9,2025-02-25 00:00:00+00:00,W09-2025
113347.0,2025,10,2025-03-04 00:00:00+00:00,W10-2025
113347.0,2025,11,2025-03-11 00:00:00+00:00,W11-2025
113347.0,2025,12,2025-03-18 00:00:00+00:00,W12-2025
113347.0,2025,13,2025-03-18 00:00:00+00:00,W13-2025
113347.0,2025,15,2025-04-01 00:00:00+00:00,W15-2025
113347.0,2025,16,2025-04-15 00:00:00+00:00,W16-2025
113347.0,2025,20,2025-05-13 00:00:00+00:00,W20-2025
113347.0,2025,21,2025-05-20 00:00:00+00:00,W21-2025
113351.0,2025,8,2025-02-18 00:00:00+00:00,W08-2025
113351.0,2025,9,2025-02-25 00:00:00+00:00,W09-2025
113351.0,2025,10,2025-03-04 00:00:00+00:00,W10-2025
113351.0,2025,12,2025-03-18 00:00:00+00:00,W12-2025
113351.0,2025,13,2025-03-18 00:00:00+00:00,W13-2025
113351.0,2025,14,2025-03-25 00:00:00+00:00,W14-2025
113351.0,2025,15,2025-04-01 00:00:00+00:00,W15-2025
113351.0,2025,18,2025-04-29 00:00:00+00:00,W18-2025
113351.0,2025,19,2025-05-06 00:00:00+00:00,W19-2025
113351.0,2025,20,2025-05-13 00:00:00+00:00,W20-2025
113351.0,2025,21,2025-05-13 00:00:00+00:00,W21-2025
113353.0,2025,9,2025-02-25 00:00:00+00:00,W09-2025
113353.0,2025,10,2025-03-04 00:00:00+00:00,W10-2025
113353.0,2025,11,2025-03-11 00:00:00+00:00,W11-2025
113353.0,2025,12,2025-03-18 00:00:00+00:00,W12-2025
113353.0,2025,13,2025-03-25 00:00:00+00:00,W13-2025
113353.0,2025,14,2025-04-01 00:00:00+00:00,W14-2025
113353.0,2025,15,2025-04-08 00:00:00+00:00,W15-2025
113353.0,2025,16,2025-04-08 00:00:00+00:00,W16-2025
113353.0,2025,19,2025-05-06 00:00:00+00:00,W19-2025
113353.0,2025,20,2025-05-13 00:00:00+00:00,W20-2025
113353.0,2025,21,2025-05-20 00:00:00+00:00,W21-2025
113356.0,2025,8,2025-02-18 00:00:00+00:00,W08-2025
113356.0,2025,9,2025-02-25 00:00:00+00:00,W09-2025
113356.0,2025,10,2025-03-04 00:00:00+00:00,W10-2025
113356.0,2025,11,2025-03-11 00:00:00+00:00,W11-2025
113356.0,2025,12,2025-03-18 00:00:00+00:00,W12-2025
113356.0,2025,13,2025-03-18 00:00:00+00:00,W13-2025
113356.0,2025,15,2025-04-08 00:00:00+00:00,W15-2025
113356.0,2025,17,2025-04-22 00:00:00+00:00,W17-2025
113356.0,2025,19,2025-05-06 00:00:00+00:00,W19-2025
113356.0,2025,20,2025-05-13 00:00:00+00:00,W20-2025
113356.0,2025,21,2025-05-20 00:00:00+00:00,W21-2025
113356.0,2025,23,2025-05-27 00:00:00+00:00,W23-2025
113356.0,2025,24,2025-06-10 00:00:00+00:00,W24-2025
113358.0,2025,8,2025-02-18 00:00:00+00:00,W08-2025
113358.0,2025,9,2025-02-18 00:00:00+00:00,W09-2025
113358.0,2025,12,2025-03-18 00:00:00+00:00,W12-2025
113358.0,2025,13,2025-03-18 00:00:00+00:00,W13-2025
113358.0,2025,14,2025-03-25 00:00:00+00:00,W14-2025
113358.0,2025,15,2025-04-08 00:00:00+00:00,W15-2025
113358.0,2025,16,2025-04-08 00:00:00+00:00,W16-2025
113358.0,2025,19,2025-05-06 00:00:00+00:00,W19-2025
113358.0,2025,20,2025-05-13 00:00:00+00:00,W20-2025
113358.0,2025,21,2025-05-20 00:00:00+00:00,W21-2025
113363.0,2025,8,2025-02-11 00:00:00+00:00,W08-2025
113363.0,2025,9,2025-02-25 00:00:00+00:00,W09-2025
113363.0,2025,10,2025-03-04 00:00:00+00:00,W10-2025
113363.0,2025,11,2025-03-11 00:00:00+00:00,W11-2025
113363.0,2025,12,2025-03-18 00:00:00+00:00,W12-2025
113363.0,2025,13,2025-03-18 00:00:00+00:00,W13-2025
113363.0,2025,14,2025-04-01 00:00:00+00:00,W14-2025
113363.0,2025,15,2025-04-08 00:00:00+00:00,W15-2025
113363.0,2025,18,2025-04-29 00:00:00+00:00,W18-2025
113363.0,2025,19,2025-05-06 00:00:00+00:00,W19-2025
113363.0,2025,20,2025-05-06 00:00:00+00:00,W20-2025
113363.0,2025,21,2025-05-20 00:00:00+00:00,W21-2025
113367.0,2025,8,2025-02-18 00:00:00+00:00,W08-2025
113367.0,2025,11,2025-03-04 00:00:00+00:00,W11-2025
113367.0,2025,12,2025-03-18 00:00:00+00:00,W12-2025
113367.0,2025,15,2025-04-08 00:00:00+00:00,W15-2025
113367.0,2025,16,2025-04-15 00:00:00+00:00,W16-2025
113367.0,2025,17,2025-04-22 00:00:00+00:00,W17-2025
113367.0,2025,20,2025-05-06 00:00:00+00:00,W20-2025
113367.0,2025,21,2025-05-20 00:00:00+00:00,W21-2025
113367.0,2025,24,2025-06-10 00:00:00+00:00,W24-2025
113367.0,2025,25,2025-06-10 00:00:00+00:00,W25-2025
113377.0,2025,8,2025-02-18 00:00:00+00:00,W08-2025
113377.0,2025,9,2025-02-25 00:00:00+00:00,W09-2025
113377.0,2025,10,2025-02-25 00:00:00+00:00,W10-2025
113377.0,2025,11,2025-03-11 00:00:00+00:00,W11-2025
113377.0,2025,12,2025-03-18 00:00:00+00:00,W12-2025
113377.0,2025,13,2025-03-18 00:00:00+00:00,W13-2025
113377.0,2025,14,2025-03-25 00:00:00+00:00,W14-2025
113377.0,2025,15,2025-04-01 00:00:00+00:00,W15-2025
113377.0,2025,16,2025-04-08 00:00:00+00:00,W16-2025
113377.0,2025,17,2025-04-22 00:00:00+00:00,W17-2025
113377.0,2025,19,2025-04-29 00:00:00+00:00,W19-2025
113377.0,2025,20,2025-05-13 00:00:00+00:00,W20-2025
113377.0,2025,21,2025-05-20 00:00:00+00:00,W21-2025
113377.0,2025,22,2025-05-20 00:00:00+00:00,W22-2025
113379.0,2025,8,2025-02-18 00:00:00+00:00,W08-2025
113379.0,2025,9,2025-02-25 00:00:00+00:00,W09-2025
113379.0,2025,10,2025-03-04 00:00:00+00:00,W10-2025
113379.0,2025,11,2025-03-11 00:00:00+00:00,W11-2025
113379.0,2025,12,2025-03-11 00:00:00+00:00,W12-2025
113379.0,2025,13,2025-03-18 00:00:00+00:00,W13-2025
113379.0,2025,14,2025-04-01 00:00:00+00:00,W14-2025
113379.0,2025,15,2025-04-01 00:00:00+00:00,W15-2025
113379.0,2025,17,2025-04-15 00:00:00+00:00,W17-2025
113379.0,2025,18,2025-04-29 00:00:00+00:00,W18-2025
113379.0,2025,19,2025-05-06 00:00:00+00:00,W19-2025
113379.0,2025,20,2025-05-13 00:00:00+00:00,W20-2025
113379.0,2025,21,2025-05-13 00:00:00+00:00,W21-2025
113382.0,2025,8,2025-02-18 00:00:00+00:00,W08-2025
113382.0,2025,11,2025-03-11 00:00:00+00:00,W11-2025
113382.0,2025,12,2025-03-18 00:00:00+00:00,W12-2025
113382.0,2025,13,2025-03-25 00:00:00+00:00,W13-2025
113382.0,2025,15,2025-04-08 00:00:00+00:00,W15-2025
113382.0,2025,16,2025-04-15 00:00:00+00:00,W16-2025
113382.0,2025,17,2025-04-22 00:00:00+00:00,W17-2025
113382.0,2025,18,2025-04-22 00:00:00+00:00,W18-2025
113382.0,2025,19,2025-04-29 00:00:00+00:00,W19-2025
113382.0,2025,20,2025-05-13 00:00:00+00:00,W20-2025
113382.0,2025,24,2025-06-03 00:00:00+00:00,W24-2025
113382.0,2025,25,2025-06-10 00:00:00+00:00,W25-2025
113391.0,2025,8,2025-02-18 00:00:00+00:00,W08-2025
113391.0,2025,9,2025-02-25 00:00:00+00:00,W09-2025
113391.0,2025,10,2025-03-04 00:00:00+00:00,W10-2025
113391.0,2025,11,2025-03-11 00:00:00+00:00,W11-2025
113391.0,2025,12,2025-03-18 00:00:00+00:00,W12-2025
113391.0,2025,13,2025-03-25 00:00:00+00:00,W13-2025
113391.0,2025,14,2025-03-25 00:00:00+00:00,W14-2025
113391.0,2025,15,2025-04-08 00:00:00+00:00,W15-2025
113391.0,2025,17,2025-04-22 00:00:00+00:00,W17-2025
113391.0,2025,19,2025-05-06 00:00:00+00:00,W19-2025
113391.0,2025,20,2025-05-13 00:00:00+00:00,W20-2025
113391.0,2025,21,2025-05-20 00:00:00+00:00,W21-2025
113391.0,2025,23,2025-06-03 00:00:00+00:00,W23-2025
113394.0,2025,8,2025-02-18 00:00:00+00:00,W08-2025
113394.0,2025,9,2025-02-25 00:00:00+00:00,W09-2025
113394.0,2025,10,2025-03-04 00:00:00+00:00,W10-2025
113394.0,2025,11,2025-03-11 00:00:00+00:00,W11-2025
113394.0,2025,12,2025-03-18 00:00:00+00:00,W12-2025
113394.0,2025,13,2025-03-18 00:00:00+00:00,W13-2025
113394.0,2025,15,2025-04-01 00:00:00+00:00,W15-2025
113394.0,2025,19,2025-05-06 00:00:00+00:00,W19-2025
113394.0,2025,20,2025-05-13 00:00:00+00:00,W20-2025
113394.0,2025,21,2025-05-20 00:00:00+00:00,W21-2025
113398.0,2025,9,2025-02-25 00:00:00+00:00,W09-2025
113398.0,2025,10,2025-02-25 00:00:00+00:00,W10-2025
113398.0,2025,11,2025-03-11 00:00:00+00:00,W11-2025
113398.0,2025,12,2025-03-18 00:00:00+00:00,W12-2025
113398.0,2025,15,2025-04-01 00:00:00+00:00,W15-2025
113398.0,2025,17,2025-04-15 00:00:00+00:00,W17-2025
113398.0,2025,18,2025-04-29 00:00:00+00:00,W18-2025
113398.0,2025,20,2025-05-13 00:00:00+00:00,W20-2025
113398.0,2025,21,2025-05-20 00:00:00+00:00,W21-2025
113398.0,2025,22,2025-05-27 00:00:00+00:00,W22-2025
113398.0,2025,23,2025-06-03 00:00:00+00:00,W23-2025
113398.0,2025,24,2025-06-03 00:00:00+00:00,W24-2025
113398.0,2025,25,2025-06-10 00:00:00+00:00,W25-2025
113399.0,2025,8,2025-02-18 00:00:00+00:00,W08-2025
113399.0,2025,12,2025-03-18 00:00:00+00:00,W12-2025
113399.0,2025,13,2025-03-25 00:00:00+00:00,W13-2025
113399.0,2025,15,2025-04-08 00:00:00+00:00,W15-2025
113399.0,2025,17,2025-04-22 00:00:00+00:00,W17-2025
113399.0,2025,19,2025-05-06 00:00:00+00:00,W19-2025
113399.0,2025,20,2025-05-13 00:00:00+00:00,W20-2025
113399.0,2025,21,2025-05-13 00:00:00+00:00,W21-2025
113409.0,2025,8,2025-02-18 00:00:00+00:00,W08-2025
113409.0,2025,9,2025-02-25 00:00:00+00:00,W09-2025
113409.0,2025,10,2025-03-04 00:00:00+00:00,W10-2025
113409.0,2025,11,2025-03-04 00:00:00+00:00,W11-2025
113409.0,2025,12,2025-03-18 00:00:00+00:00,W12-2025
113409.0,2025,13,2025-03-25 00:00:00+00:00,W13-2025
113409.0,2025,14,2025-04-01 00:00:00+00:00,W14-2025
113409.0,2025,15,2025-04-01 00:00:00+00:00,W15-2025
113409.0,2025,20,2025-05-13 00:00:00+00:00,W20-2025
113409.0,2025,21,2025-05-20 00:00:00+00:00,W21-2025
113416.0,2025,8,2025-02-18 00:00:00+00:00,W08-2025
113416.0,2025,11,2025-03-11 00:00:00+00:00,W11-2025
113416.0,2025,12,2025-03-18 00:00:00+00:00,W12-2025
113416.0,2025,13,2025-03-25 00:00:00+00:00,W13-2025
113416.0,2025,14,2025-04-01 00:00:00+00:00,W14-2025
113416.0,2025,15,2025-04-08 00:00:00+00:00,W15-2025
113416.0,2025,17,2025-04-22 00:00:00+00:00,W17-2025
113416.0,2025,20,2025-05-13 00:00:00+00:00,W20-2025
113416.0,2025,21,2025-05-20 00:00:00+00:00,W21-2025
113418.0,2025,8,2025-02-18 00:00:00+00:00,W08-2025
113418.0,2025,9,2025-02-25 00:00:00+00:00,W09-2025
113418.0,2025,10,2025-03-04 00:00:00+00:00,W10-2025
113418.0,2025,11,2025-03-11 00:00:00+00:00,W11-2025
113418.0,2025,12,2025-03-18 00:00:00+00:00,W12-2025
113418.0,2025,13,2025-03-18 00:00:00+00:00,W13-2025
113418.0,2025,15,2025-04-01 00:00:00+00:00,W15-2025
113418.0,2025,17,2025-04-22 00:00:00+00:00,W17-2025
113418.0,2025,18,2025-04-29 00:00:00+00:00,W18-2025
113418.0,2025,19,2025-05-06 00:00:00+00:00,W19-2025
113418.0,2025,20,2025-05-13 00:00:00+00:00,W20-2025
113418.0,2025,21,2025-05-13 00:00:00+00:00,W21-2025
113418.0,2025,25,2025-06-10 00:00:00+00:00,W25-2025
113421.0,2025,10,2025-02-25 00:00:00+00:00,W10-2025
113421.0,2025,11,2025-03-11 00:00:00+00:00,W11-2025
113421.0,2025,12,2025-03-18 00:00:00+00:00,W12-2025
113421.0,2025,14,2025-04-01 00:00:00+00:00,W14-2025
113421.0,2025,15,2025-04-08 00:00:00+00:00,W15-2025
113421.0,2025,20,2025-05-13 00:00:00+00:00,W20-2025
113421.0,2025,21,2025-05-20 00:00:00+00:00,W21-2025
113421.0,2025,22,2025-05-20 00:00:00+00:00,W22-2025
113421.0,2025,23,2025-05-27 00:00:00+00:00,W23-2025
113421.0,2025,24,2025-06-03 00:00:00+00:00,W24-2025
113424.0,2025,8,2025-02-18 00:00:00+00:00,W08-2025
113424.0,2025,9,2025-02-18 00:00:00+00:00,W09-2025
113424.0,2025,10,2025-03-04 00:00:00+00:00,W10-2025
113424.0,2025,11,2025-03-11 00:00:00+00:00,W11-2025
113424.0,2025,12,2025-03-18 00:00:00+00:00,W12-2025
113424.0,2025,13,2025-03-18 00:00:00+00:00,W13-2025
113424.0,2025,14,2025-03-25 00:00:00+00:00,W14-2025
113424.0,2025,15,2025-04-08 00:00:00+00:00,W15-2025
113424.0,2025,17,2025-04-22 00:00:00+00:00,W17-2025
113424.0,2025,19,2025-04-29 00:00:00+00:00,W19-2025
113424.0,2025,20,2025-05-13 00:00:00+00:00,W20-2025
113424.0,2025,21,2025-05-20 00:00:00+00:00,W21-2025
113439.0,2025,8,2025-02-18 00:00:00+00:00,W08-2025
113439.0,2025,9,2025-02-18 00:00:00+00:00,W09-2025
113439.0,2025,10,2025-03-04 00:00:00+00:00,W10-2025
113439.0,2025,11,2025-03-11 00:00:00+00:00,W11-2025
113439.0,2025,12,2025-03-11 00:00:00+00:00,W12-2025
113439.0,2025,13,2025-03-18 00:00:00+00:00,W13-2025
113439.0,2025,15,2025-04-08 00:00:00+00:00,W15-2025
113439.0,2025,17,2025-04-22 00:00:00+00:00,W17-2025
113439.0,2025,18,2025-04-29 00:00:00+00:00,W18-2025
113439.0,2025,19,2025-05-06 00:00:00+00:00,W19-2025
113439.0,2025,20,2025-05-13 00:00:00+00:00,W20-2025
113439.0,2025,21,2025-05-20 00:00:00+00:00,W21-2025
113443.0,2025,8,2025-02-18 00:00:00+00:00,W08-2025
113443.0,2025,9,2025-02-25 00:00:00+00:00,W09-2025
113443.0,2025,10,2025-03-04 00:00:00+00:00,W10-2025
113443.0,2025,11,2025-03-11 00:00:00+00:00,W11-2025
113443.0,2025,12,2025-03-11 00:00:00+00:00,W12-2025
113443.0,2025,13,2025-03-25 00:00:00+00:00,W13-2025
113443.0,2025,14,2025-04-01 00:00:00+00:00,W14-2025
113443.0,2025,15,2025-04-08 00:00:00+00:00,W15-2025
113443.0,2025,19,2025-05-06 00:00:00+00:00,W19-2025
113443.0,2025,20,2025-05-13 00:00:00+00:00,W20-2025
113443.0,2025,21,2025-05-20 00:00:00+00:00,W21-2025
113446.0,2025,8,2025-02-18 00:00:00+00:00,W08-2025
113446.0,2025,9,2025-02-25 00:00:00+00:00,W09-2025
113446.0,2025,12,2025-03-18 00:00:00+00:00,W12-2025
113446.0,2025,13,2025-03-25 00:00:00+00:00,W13-2025
113446.0,2025,15,2025-04-01 00:00:00+00:00,W15-2025
113446.0,2025,17,2025-04-22 00:00:00+00:00,W17-2025
113446.0,2025,20,2025-05-13 00:00:00+00:00,W20-2025
113446.0,2025,21,2025-05-13 00:00:00+00:00,W21-2025
113446.0,2025,22,2025-05-20 00:00:00+00:00,W22-2025
113446.0,2025,23,2025-06-03 00:00:00+00:00,W23-2025
113457.0,2025,8,2025-02-11 00:00:00+00:00,W08-2025
113457.0,2025,9,2025-02-25 00:00:00+00:00,W09-2025
113457.0,2025,10,2025-03-04 00:00:00+00:00,W10-2025
113457.0,2025,11,2025-03-11 00:00:00+00:00,W11-2025
113457.0,2025,12,2025-03-18 00:00:00+00:00,W12-2025
113457.0,2025,13,2025-03-18 00:00:00+00:00,W13-2025
113457.0,2025,15,2025-04-08 00:00:00+00:00,W15-2025
113457.0,2025,16,2025-04-08 00:00:00+00:00,W16-2025
113457.0,2025,18,2025-04-22 00:00:00+00:00,W18-2025
113457.0,2025,19,2025-05-06 00:00:00+00:00,W19-2025
113457.0,2025,20,2025-05-13 00:00:00+00:00,W20-2025
113457.0,2025,21,2025-05-20 00:00:00+00:00,W21-2025
113460.0,2025,8,2025-02-18 00:00:00+00:00,W08-2025
113460.0,2025,9,2025-02-18 00:00:00+00:00,W09-2025
113460.0,2025,10,2025-03-04 00:00:00+00:00,W10-2025
113460.0,2025,11,2025-03-04 00:00:00+00:00,W11-2025
113460.0,2025,12,2025-03-18 00:00:00+00:00,W12-2025
113460.0,2025,13,2025-03-18 00:00:00+00:00,W13-2025
113460.0,2025,14,2025-03-25 00:00:00+00:00,W14-2025
113460.0,2025,15,2025-04-01 00:00:00+00:00,W15-2025
113460.0,2025,16,2025-04-08 00:00:00+00:00,W16-2025
113460.0,2025,17,2025-04-22 00:00:00+00:00,W17-2025
113460.0,2025,18,2025-04-29 00:00:00+00:00,W18-2025
113460.0,2025,19,2025-04-29 00:00:00+00:00,W19-2025
113460.0,2025,20,2025-05-13 00:00:00+00:00,W20-2025
113460.0,2025,21,2025-05-20 00:00:00+00:00,W21-2025
113471.0,2025,9,2025-02-25 00:00:00+00:00,W09-2025
113471.0,2025,10,2025-03-04 00:00:00+00:00,W10-2025
113471.0,2025,12,2025-03-18 00:00:00+00:00,W12-2025
113471.0,2025,13,2025-03-25 00:00:00+00:00,W13-2025
113471.0,2025,15,2025-04-08 00:00:00+00:00,W15-2025
113471.0,2025,16,2025-04-08 00:00:00+00:00,W16-2025
113471.0,2025,20,2025-05-13 00:00:00+00:00,W20-2025
113471.0,2025,21,2025-05-20 00:00:00+00:00,W21-2025
113479.0,2025,9,2025-02-18 00:00:00+00:00,W09-2025
113479.0,2025,12,2025-03-18 00:00:00+00:00,W12-2025
113479.0,2025,13,2025-03-18 00:00:00+00:00,W13-2025
113479.0,2025,14,2025-04-01 00:00:00+00:00,W14-2025
113479.0,2025,15,2025-04-08 00:00:00+00:00,W15-2025
113479.0,2025,20,2025-05-06 00:00:00+00:00,W20-2025
113479.0,2025,22,2025-05-27 00:00:00+00:00,W22-2025
113479.0,2025,23,2025-05-27 00:00:00+00:00,W23-2025
113479.0,2025,24,2025-06-10 00:00:00+00:00,W24-2025
113482.0,2025,8,2025-02-18 00:00:00+00:00,W08-2025
113482.0,2025,10,2025-03-04 00:00:00+00:00,W10-2025
113482.0,2025,11,2025-03-11 00:00:00+00:00,W11-2025
113482.0,2025,12,2025-03-18 00:00:00+00:00,W12-2025
113482.0,2025,13,2025-03-25 00:00:00+00:00,W13-2025
113482.0,2025,15,2025-04-08 00:00:00+00:00,W15-2025
113482.0,2025,18,2025-04-29 00:00:00+00:00,W18-2025
113482.0,2025,20,2025-05-13 00:00:00+00:00,W20-2025
113482.0,2025,21,2025-05-20 00:00:00+00:00,W21-2025
113485.0,2025,9,2025-02-25 00:00:00+00:00,W09-2025
113485.0,2025,10,2025-03-04 00:00:00+00:00,W10-2025
113485.0,2025,11,2025-03-11 00:00:00+00:00,W11-2025
113485.0,2025,12,2025-03-18 00:00:00+00:00,W12-2025
113485.0,2025,13,2025-03-25 00:00:00+00:00,W13-2025
113485.0,2025,14,2025-03-25 00:00:00+00:00,W14-2025
113485.0,2025,15,2025-04-08 00:00:00+00:00,W15-2025
113485.0,2025,20,2025-05-13 00:00:00+00:00,W20-2025
113485.0,2025,21,2025-05-13 00:00:00+00:00,W21-2025
113489.0,2025,8,2025-02-18 00:00:00+00:00,W08-2025
113489.0,2025,9,2025-02-25 00:00:00+00:00,W09-2025
113489.0,2025,11,2025-03-04 00:00:00+00:00,W11-2025
113489.0,2025,12,2025-03-18 00:00:00+00:00,W12-2025
113489.0,2025,13,2025-03-25 00:00:00+00:00,W13-2025
113489.0,2025,14,2025-03-25 00:00:00+00:00,W14-2025
113489.0,2025,15,2025-04-01 00:00:00+00:00,W15-2025
113489.0,2025,18,2025-04-22 00:00:00+00:00,W18-2025
113489.0,2025,19,2025-05-06 00:00:00+00:00,W19-2025
113489.0,2025,20,2025-05-13 00:00:00+00:00,W20-2025
113489.0,2025,21,2025-05-20 00:00:00+00:00,W21-2025
113495.0,2025,8,2025-02-11 00:00:00+00:00,W08-2025
113495.0,2025,9,2025-02-25 00:00:00+00:00,W09-2025
113495.0,2025,10,2025-02-25 00:00:00+00:00,W10-2025
113495.0,2025,11,2025-03-11 00:00:00+00:00,W11-2025
113495.0,2025,12,2025-03-11 00:00:00+00:00,W12-2025
113495.0,2025,13,2025-03-18 00:00:00+00:00,W13-2025
113495.0,2025,14,2025-03-25 00:00:00+00:00,W14-2025
113495.0,2025,15,2025-04-01 00:00:00+00:00,W15-2025
113495.0,2025,16,2025-04-15 00:00:00+00:00,W16-2025
113495.0,2025,17,2025-04-22 00:00:00+00:00,W17-2025
113495.0,2025,18,2025-04-29 00:00:00+00:00,W18-2025
113495.0,2025,19,2025-04-29 00:00:00+00:00,W19-2025
113495.0,2025,20,2025-05-13 00:00:00+00:00,W20-2025
113495.0,2025,21,2025-05-20 00:00:00+00:00,W21-2025
113495.0,2025,23,2025-06-03 00:00:00+00:00,W23-2025
113495.0,2025,24,2025-06-10 00:00:00+00:00,W24-2025
113496.0,2025,8,2025-02-18 00:00:00+00:00,W08-2025
113496.0,2025,9,2025-02-25 00:00:00+00:00,W09-2025
113496.0,2025,10,2025-03-04 00:00:00+00:00,W10-2025
113496.0,2025,11,2025-03-11 00:00:00+00:00,W11-2025
113496.0,2025,12,2025-03-18 00:00:00+00:00,W12-2025
113496.0,2025,13,2025-03-25 00:00:00+00:00,W13-2025
113496.0,2025,14,2025-04-01 00:00:00+00:00,W14-2025
113496.0,2025,16,2025-04-15 00:00:00+00:00,W16-2025
113496.0,2025,18,2025-04-22 00:00:00+00:00,W18-2025
113496.0,2025,19,2025-05-06 00:00:00+00:00,W19-2025
113496.0,2025,20,2025-05-13 00:00:00+00:00,W20-2025
113496.0,2025,21,2025-05-20 00:00:00+00:00,W21-2025
113496.0,2025,22,2025-05-20 00:00:00+00:00,W22-2025
113496.0,2025,23,2025-06-03 00:00:00+00:00,W23-2025
113496.0,2025,24,2025-06-03 00:00:00+00:00,W24-2025
113500.0,2025,8,2025-02-18 00:00:00+00:00,W08-2025
113500.0,2025,9,2025-02-25 00:00:00+00:00,W09-2025
113500.0,2025,10,2025-03-04 00:00:00+00:00,W10-2025
113500.0,2025,12,2025-03-18 00:00:00+00:00,W12-2025
113500.0,2025,13,2025-03-25 00:00:00+00:00,W13-2025
113500.0,2025,14,2025-03-25 00:00:00+00:00,W14-2025
113500.0,2025,15,2025-04-01 00:00:00+00:00,W15-2025
113500.0,2025,16,2025-04-08 00:00:00+00:00,W16-2025
113500.0,2025,17,2025-04-15 00:00:00+00:00,W17-2025
113500.0,2025,18,2025-04-29 00:00:00+00:00,W18-2025
113500.0,2025,19,2025-05-06 00:00:00+00:00,W19-2025
113500.0,2025,20,2025-05-06 00:00:00+00:00,W20-2025
113500.0,2025,21,2025-05-13 00:00:00+00:00,W21-2025
113503.0,2025,8,2025-02-18 00:00:00+00:00,W08-2025
113503.0,2025,9,2025-02-25 00:00:00+00:00,W09-2025
113503.0,2025,10,2025-03-04 00:00:00+00:00,W10-2025
113503.0,2025,11,2025-03-11 00:00:00+00:00,W11-2025
113503.0,2025,12,2025-03-18 00:00:00+00:00,W12-2025
113503.0,2025,13,2025-03-25 00:00:00+00:00,W13-2025
113503.0,2025,14,2025-04-01 00:00:00+00:00,W14-2025
113503.0,2025,15,2025-04-08 00:00:00+00:00,W15-2025
113503.0,2025,19,2025-05-06 00:00:00+00:00,W19-2025
113503.0,2025,20,2025-05-13 00:00:00+00:00,W20-2025
113503.0,2025,21,2025-05-20 00:00:00+00:00,W21-2025
113504.0,2025,8,2025-02-18 00:00:00+00:00,W08-2025
113504.0,2025,9,2025-02-25 00:00:00+00:00,W09-2025
113504.0,2025,10,2025-03-04 00:00:00+00:00,W10-2025
113504.0,2025,11,2025-03-11 00:00:00+00:00,W11-2025
113504.0,2025,12,2025-03-18 00:00:00+00:00,W12-2025
113504.0,2025,13,2025-03-18 00:00:00+00:00,W13-2025
113504.0,2025,14,2025-04-01 00:00:00+00:00,W14-2025
113504.0,2025,15,2025-04-08 00:00:00+00:00,W15-2025
113504.0,2025,16,2025-04-15 00:00:00+00:00,W16-2025
113504.0,2025,17,2025-04-22 00:00:00+00:00,W17-2025
113504.0,2025,18,2025-04-29 00:00:00+00:00,W18-2025
113504.0,2025,19,2025-05-06 00:00:00+00:00,W19-2025
113504.0,2025,20,2025-05-06 00:00:00+00:00,W20-2025
113504.0,2025,21,2025-05-13 00:00:00+00:00,W21-2025
113504.0,2025,22,2025-05-27 00:00:00+00:00,W22-2025
113504.0,2025,23,2025-06-03 00:00:00+00:00,W23-2025
113522.0,2025,8,2025-02-18 00:00:00+00:00,W08-2025
113522.0,2025,9,2025-02-25 00:00:00+00:00,W09-2025
113522.0,2025,10,2025-03-04 00:00:00+00:00,W10-2025
113522.0,2025,11,2025-03-11 00:00:00+00:00,W11-2025
113522.0,2025,12,2025-03-11 00:00:00+00:00,W12-2025
113522.0,2025,13,2025-03-18 00:00:00+00:00,W13-2025
113522.0,2025,14,2025-04-01 00:00:00+00:00,W14-2025
113522.0,2025,15,2025-04-08 00:00:00+00:00,W15-2025
113522.0,2025,16,2025-04-15 00:00:00+00:00,W16-2025
113522.0,2025,17,2025-04-22 00:00:00+00:00,W17-2025
113522.0,2025,18,2025-04-22 00:00:00+00:00,W18-2025
113522.0,2025,19,2025-05-06 00:00:00+00:00,W19-2025
113522.0,2025,20,2025-05-06 00:00:00+00:00,W20-2025
113522.0,2025,21,2025-05-20 00:00:00+00:00,W21-2025
113522.0,2025,22,2025-05-27 00:00:00+00:00,W22-2025
113527.0,2025,8,2025-02-18 00:00:00+00:00,W08-2025
113527.0,2025,9,2025-02-25 00:00:00+00:00,W09-2025
113527.0,2025,10,2025-03-04 00:00:00+00:00,W10-2025
113527.0,2025,12,2025-03-18 00:00:00+00:00,W12-2025
113527.0,2025,13,2025-03-25 00:00:00+00:00,W13-2025
113527.0,2025,14,2025-04-01 00:00:00+00:00,W14-2025
113527.0,2025,15,2025-04-08 00:00:00+00:00,W15-2025
113527.0,2025,16,2025-04-15 00:00:00+00:00,W16-2025
113527.0,2025,18,2025-04-29 00:00:00+00:00,W18-2025
113527.0,2025,20,2025-05-13 00:00:00+00:00,W20-2025
113527.0,2025,21,2025-05-20 00:00:00+00:00,W21-2025
113527.0,2025,22,2025-05-27 00:00:00+00:00,W22-2025
113528.0,2025,8,2025-02-11 00:00:00+00:00,W08-2025
113528.0,2025,9,2025-02-25 00:00:00+00:00,W09-2025
113528.0,2025,10,2025-03-04 00:00:00+00:00,W10-2025
113528.0,2025,11,2025-03-11 00:00:00+00:00,W11-2025
113528.0,2025,12,2025-03-18 00:00:00+00:00,W12-2025
113528.0,2025,13,2025-03-18 00:00:00+00:00,W13-2025
113528.0,2025,14,2025-03-25 00:00:00+00:00,W14-2025
113528.0,2025,15,2025-04-01 00:00:00+00:00,W15-2025
113528.0,2025,16,2025-04-08 00:00:00+00:00,W16-2025
113528.0,2025,19,2025-04-29 00:00:00+00:00,W19-2025
113528.0,2025,20,2025-05-13 00:00:00+00:00,W20-2025
113528.0,2025,21,2025-05-20 00:00:00+00:00,W21-2025
113532.0,2025,8,2025-02-18 00:00:00+00:00,W08-2025
113532.0,2025,9,2025-02-25 00:00:00+00:00,W09-2025
113532.0,2025,10,2025-03-04 00:00:00+00:00,W10-2025
113532.0,2025,12,2025-03-18 00:00:00+00:00,W12-2025
113532.0,2025,13,2025-03-18 00:00:00+00:00,W13-2025
113532.0,2025,14,2025-03-25 00:00:00+00:00,W14-2025
113532.0,2025,15,2025-04-01 00:00:00+00:00,W15-2025
113532.0,2025,16,2025-04-08 00:00:00+00:00,W16-2025
113532.0,2025,17,2025-04-22 00:00:00+00:00,W17-2025
113532.0,2025,19,2025-05-06 00:00:00+00:00,W19-2025
113532.0,2025,20,2025-05-13 00:00:00+00:00,W20-2025
113532.0,2025,21,2025-05-13 00:00:00+00:00,W21-2025
113536.0,2025,8,2025-02-18 00:00:00+00:00,W08-2025
113536.0,2025,9,2025-02-25 00:00:00+00:00,W09-2025
113536.0,2025,10,2025-03-04 00:00:00+00:00,W10-2025
113536.0,2025,11,2025-03-11 00:00:00+00:00,W11-2025
113536.0,2025,12,2025-03-18 00:00:00+00:00,W12-2025
113536.0,2025,13,2025-03-18 00:00:00+00:00,W13-2025
113536.0,2025,14,2025-03-25 00:00:00+00:00,W14-2025
113536.0,2025,15,2025-04-01 00:00:00+00:00,W15-2025
113536.0,2025,16,2025-04-15 00:00:00+00:00,W16-2025
113536.0,2025,19,2025-05-06 00:00:00+00:00,W19-2025
113536.0,2025,20,2025-05-13 00:00:00+00:00,W20-2025
113536.0,2025,21,2025-05-20 00:00:00+00:00,W21-2025
113542.0,2025,8,2025-02-18 00:00:00+00:00,W08-2025
113542.0,2025,9,2025-02-25 00:00:00+00:00,W09-2025
113542.0,2025,11,2025-03-04 00:00:00+00:00,W11-2025
113542.0,2025,12,2025-03-11 00:00:00+00:00,W12-2025
113542.0,2025,13,2025-03-18 00:00:00+00:00,W13-2025
113542.0,2025,14,2025-03-25 00:00:00+00:00,W14-2025
113542.0,2025,15,2025-04-08 00:00:00+00:00,W15-2025
113542.0,2025,16,2025-04-08 00:00:00+00:00,W16-2025
113542.0,2025,17,2025-04-22 00:00:00+00:00,W17-2025
113542.0,2025,18,2025-04-29 00:00:00+00:00,W18-2025
113542.0,2025,19,2025-04-29 00:00:00+00:00,W19-2025
113542.0,2025,20,2025-05-06 00:00:00+00:00,W20-2025
113542.0,2025,21,2025-05-13 00:00:00+00:00,W21-2025
113551.0,2025,8,2025-02-18 00:00:00+00:00,W08-2025
113551.0,2025,9,2025-02-25 00:00:00+00:00,W09-2025
113551.0,2025,10,2025-02-25 00:00:00+00:00,W10-2025
113551.0,2025,11,2025-03-11 00:00:00+00:00,W11-2025
113551.0,2025,12,2025-03-11 00:00:00+00:00,W12-2025
113551.0,2025,13,2025-03-18 00:00:00+00:00,W13-2025
113551.0,2025,14,2025-04-01 00:00:00+00:00,W14-2025
113551.0,2025,15,2025-04-08 00:00:00+00:00,W15-2025
113551.0,2025,18,2025-04-22 00:00:00+00:00,W18-2025
113551.0,2025,19,2025-05-06 00:00:00+00:00,W19-2025
113551.0,2025,20,2025-05-13 00:00:00+00:00,W20-2025
113551.0,2025,21,2025-05-20 00:00:00+00:00,W21-2025
113561.0,2025,8,2025-02-18 00:00:00+00:00,W08-2025
113561.0,2025,9,2025-02-25 00:00:00+00:00,W09-2025
113561.0,2025,10,2025-03-04 00:00:00+00:00,W10-2025
113561.0,2025,11,2025-03-11 00:00:00+00:00,W11-2025
113561.0,2025,12,2025-03-18 00:00:00+00:00,W12-2025
113561.0,2025,13,2025-03-25 00:00:00+00:00,W13-2025
113561.0,2025,14,2025-04-01 00:00:00+00:00,W14-2025
113561.0,2025,15,2025-04-08 00:00:00+00:00,W15-2025
113561.0,2025,17,2025-04-22 00:00:00+00:00,W17-2025
113561.0,2025,18,2025-04-29 00:00:00+00:00,W18-2025
113561.0,2025,20,2025-05-13 00:00:00+00:00,W20-2025
113561.0,2025,21,2025-05-20 00:00:00+00:00,W21-2025
113562.0,2025,8,2025-02-18 00:00:00+00:00,W08-2025
113562.0,2025,9,2025-02-25 00:00:00+00:00,W09-2025
113562.0,2025,10,2025-03-04 00:00:00+00:00,W10-2025
113562.0,2025,11,2025-03-11 00:00:00+00:00,W11-2025
113562.0,2025,12,2025-03-18 00:00:00+00:00,W12-2025
113562.0,2025,13,2025-03-18 00:00:00+00:00,W13-2025
113562.0,2025,15,2025-04-08 00:00:00+00:00,W15-2025
113562.0,2025,17,2025-04-22 00:00:00+00:00,W17-2025
113562.0,2025,18,2025-04-29 00:00:00+00:00,W18-2025
113562.0,2025,19,2025-05-06 00:00:00+00:00,W19-2025
113562.0,2025,20,2025-05-06 00:00:00+00:00,W20-2025
113562.0,2025,21,2025-05-20 00:00:00+00:00,W21-2025
113565.0,2025,8,2025-02-18 00:00:00+00:00,W08-2025
113565.0,2025,9,2025-02-25 00:00:00+00:00,W09-2025
113565.0,2025,10,2025-03-04 00:00:00+00:00,W10-2025
113565.0,2025,12,2025-03-18 00:00:00+00:00,W12-2025
113565.0,2025,13,2025-03-25 00:00:00+00:00,W13-2025
113565.0,2025,15,2025-04-08 00:00:00+00:00,W15-2025
113565.0,2025,18,2025-04-29 00:00:00+00:00,W18-2025
113565.0,2025,24,2025-06-03 00:00:00+00:00,W24-2025
113569.0,2025,8,2025-02-18 00:00:00+00:00,W08-2025
113569.0,2025,9,2025-02-25 00:00:00+00:00,W09-2025
113569.0,2025,10,2025-03-04 00:00:00+00:00,W10-2025
113569.0,2025,11,2025-03-04 00:00:00+00:00,W11-2025
113569.0,2025,12,2025-03-18 00:00:00+00:00,W12-2025
113569.0,2025,13,2025-03-18 00:00:00+00:00,W13-2025
113569.0,2025,14,2025-03-25 00:00:00+00:00,W14-2025
113569.0,2025,15,2025-04-08 00:00:00+00:00,W15-2025
113569.0,2025,16,2025-04-08 00:00:00+00:00,W16-2025
113569.0,2025,18,2025-04-29 00:00:00+00:00,W18-2025
113569.0,2025,19,2025-05-06 00:00:00+00:00,W19-2025
113569.0,2025,20,2025-05-13 00:00:00+00:00,W20-2025
113569.0,2025,21,2025-05-13 00:00:00+00:00,W21-2025
113569.0,2025,22,2025-05-27 00:00:00+00:00,W22-2025
113578.0,2025,8,2025-02-11 00:00:00+00:00,W08-2025
113578.0,2025,9,2025-02-25 00:00:00+00:00,W09-2025
113578.0,2025,10,2025-03-04 00:00:00+00:00,W10-2025
113578.0,2025,11,2025-03-11 00:00:00+00:00,W11-2025
113578.0,2025,12,2025-03-11 00:00:00+00:00,W12-2025
113578.0,2025,13,2025-03-18 00:00:00+00:00,W13-2025
113578.0,2025,15,2025-04-08 00:00:00+00:00,W15-2025
113578.0,2025,16,2025-04-15 00:00:00+00:00,W16-2025
113578.0,2025,19,2025-04-29 00:00:00+00:00,W19-2025
113578.0,2025,20,2025-05-13 00:00:00+00:00,W20-2025
113578.0,2025,21,2025-05-20 00:00:00+00:00,W21-2025
113578.0,2025,23,2025-06-03 00:00:00+00:00,W23-2025
113578.0,2025,24,2025-06-03 00:00:00+00:00,W24-2025
113581.0,2025,8,2025-02-18 00:00:00+00:00,W08-2025
113581.0,2025,9,2025-02-25 00:00:00+00:00,W09-2025
113581.0,2025,10,2025-03-04 00:00:00+00:00,W10-2025
113581.0,2025,11,2025-03-11 00:00:00+00:00,W11-2025
113581.0,2025,12,2025-03-18 00:00:00+00:00,W12-2025
113581.0,2025,13,2025-03-18 00:00:00+00:00,W13-2025
113581.0,2025,15,2025-04-08 00:00:00+00:00,W15-2025
113581.0,2025,17,2025-04-15 00:00:00+00:00,W17-2025
113581.0,2025,18,2025-04-29 00:00:00+00:00,W18-2025
113581.0,2025,20,2025-05-06 00:00:00+00:00,W20-2025
113581.0,2025,21,2025-05-20 00:00:00+00:00,W21-2025
113586.0,2025,8,2025-02-18 00:00:00+00:00,W08-2025
113586.0,2025,10,2025-03-04 00:00:00+00:00,W10-2025
113586.0,2025,11,2025-03-11 00:00:00+00:00,W11-2025
113586.0,2025,12,2025-03-18 00:00:00+00:00,W12-2025
113586.0,2025,13,2025-03-25 00:00:00+00:00,W13-2025
113586.0,2025,14,2025-04-01 00:00:00+00:00,W14-2025
113586.0,2025,15,2025-04-08 00:00:00+00:00,W15-2025
113586.0,2025,16,2025-04-15 00:00:00+00:00,W16-2025
113586.0,2025,18,2025-04-29 00:00:00+00:00,W18-2025
113586.0,2025,19,2025-05-06 00:00:00+00:00,W19-2025
113586.0,2025,20,2025-05-13 00:00:00+00:00,W20-2025
113586.0,2025,21,2025-05-20 00:00:00+00:00,W21-2025
113657.0,2025,8,2025-02-11 00:00:00+00:00,W08-2025
113657.0,2025,9,2025-02-18 00:00:00+00:00,W09-2025
113657.0,2025,10,2025-02-25 00:00:00+00:00,W10-2025
113657.0,2025,11,2025-03-04 00:00:00+00:00,W11-2025
113657.0,2025,12,2025-03-18 00:00:00+00:00,W12-2025
113657.0,2025,13,2025-03-18 00:00:00+00:00,W13-2025
113657.0,2025,15,2025-04-08 00:00:00+00:00,W15-2025
113657.0,2025,19,2025-05-06 00:00:00+00:00,W19-2025
113657.0,2025,20,2025-05-06 00:00:00+00:00,W20-2025
113657.0,2025,21,2025-05-20 00:00:00+00:00,W21-2025
113699.0,2025,8,2025-02-18 00:00:00+00:00,W08-2025
113699.0,2025,9,2025-02-25 00:00:00+00:00,W09-2025
113699.0,2025,10,2025-03-04 00:00:00+00:00,W10-2025
113699.0,2025,11,2025-03-11 00:00:00+00:00,W11-2025
113699.0,2025,12,2025-03-18 00:00:00+00:00,W12-2025
113699.0,2025,13,2025-03-18 00:00:00+00:00,W13-2025
113699.0,2025,15,2025-04-08 00:00:00+00:00,W15-2025
113699.0,2025,18,2025-04-29 00:00:00+00:00,W18-2025
113699.0,2025,19,2025-05-06 00:00:00+00:00,W19-2025
113699.0,2025,20,2025-05-13 00:00:00+00:00,W20-2025
113699.0,2025,21,2025-05-20 00:00:00+00:00,W21-2025
113699.0,2025,23,2025-06-03 00:00:00+00:00,W23-2025
113699.0,2025,24,2025-06-10 00:00:00+00:00,W24-2025
113699.0,2025,25,2025-06-10 00:00:00+00:00,W25-2025
113738.0,2025,9,2025-02-25 00:00:00+00:00,W09-2025
113738.0,2025,11,2025-03-11 00:00:00+00:00,W11-2025
113738.0,2025,12,2025-03-18 00:00:00+00:00,W12-2025
113738.0,2025,13,2025-03-18 00:00:00+00:00,W13-2025
113738.0,2025,14,2025-03-25 00:00:00+00:00,W14-2025
113738.0,2025,15,2025-04-08 00:00:00+00:00,W15-2025
113738.0,2025,16,2025-04-15 00:00:00+00:00,W16-2025
113738.0,2025,19,2025-05-06 00:00:00+00:00,W19-2025
113738.0,2025,20,2025-05-06 00:00:00+00:00,W20-2025
113738.0,2025,21,2025-05-20 00:00:00+00:00,W21-2025
113744.0,2025,8,2025-02-18 00:00:00+00:00,W08-2025
113744.0,2025,9,2025-02-25 00:00:00+00:00,W09-2025
113744.0,2025,10,2025-03-04 00:00:00+00:00,W10-2025
113744.0,2025,11,2025-03-04 00:00:00+00:00,W11-2025
113744.0,2025,12,2025-03-18 00:00:00+00:00,W12-2025
113744.0,2025,13,2025-03-18 00:00:00+00:00,W13-2025
113744.0,2025,15,2025-04-08 00:00:00+00:00,W15-2025
113744.0,2025,18,2025-04-22 00:00:00+00:00,W18-2025
113744.0,2025,20,2025-05-06 00:00:00+00:00,W20-2025
113744.0,2025,22,2025-05-27 00:00:00+00:00,W22-2025
113759.0,2025,8,2025-02-18 00:00:00+00:00,W08-2025
113759.0,2025,9,2025-02-25 00:00:00+00:00,W09-2025
113759.0,2025,10,2025-02-25 00:00:00+00:00,W10-2025
113759.0,2025,11,2025-03-11 00:00:00+00:00,W11-2025
113759.0,2025,12,2025-03-11 00:00:00+00:00,W12-2025
113759.0,2025,13,2025-03-18 00:00:00+00:00,W13-2025
113759.0,2025,14,2025-03-25 00:00:00+00:00,W14-2025
113759.0,2025,15,2025-04-01 00:00:00+00:00,W15-2025
113759.0,2025,16,2025-04-15 00:00:00+00:00,W16-2025
113759.0,2025,18,2025-04-29 00:00:00+00:00,W18-2025
113759.0,2025,19,2025-05-06 00:00:00+00:00,W19-2025
113759.0,2025,20,2025-05-06 00:00:00+00:00,W20-2025
113759.0,2025,21,2025-05-13 00:00:00+00:00,W21-2025
113759.0,2025,22,2025-05-27 00:00:00+00:00,W22-2025
113797.0,2025,8,2025-02-18 00:00:00+00:00,W08-2025
113797.0,2025,9,2025-02-25 00:00:00+00:00,W09-2025
113797.0,2025,10,2025-03-04 00:00:00+00:00,W10-2025
113797.0,2025,11,2025-03-11 00:00:00+00:00,W11-2025
113797.0,2025,12,2025-03-18 00:00:00+00:00,W12-2025
113797.0,2025,13,2025-03-25 00:00:00+00:00,W13-2025
113797.0,2025,14,2025-04-01 00:00:00+00:00,W14-2025
113797.0,2025,15,2025-04-08 00:00:00+00:00,W15-2025
113797.0,2025,19,2025-04-29 00:00:00+00:00,W19-2025
113797.0,2025,20,2025-05-13 00:00:00+00:00,W20-2025
113797.0,2025,21,2025-05-13 00:00:00+00:00,W21-2025
113884.0,2025,8,2025-02-18 00:00:00+00:00,W08-2025
113884.0,2025,10,2025-03-04 00:00:00+00:00,W10-2025
113884.0,2025,12,2025-03-18 00:00:00+00:00,W12-2025
113884.0,2025,13,2025-03-25 00:00:00+00:00,W13-2025
113884.0,2025,15,2025-04-08 00:00:00+00:00,W15-2025
113884.0,2025,16,2025-04-15 00:00:00+00:00,W16-2025
113884.0,2025,20,2025-05-13 00:00:00+00:00,W20-2025
113892.0,2025,8,2025-02-18 00:00:00+00:00,W08-2025
113892.0,2025,12,2025-03-18 00:00:00+00:00,W12-2025
113892.0,2025,13,2025-03-25 00:00:00+00:00,W13-2025
113892.0,2025,15,2025-04-08 00:00:00+00:00,W15-2025
113892.0,2025,16,2025-04-15 00:00:00+00:00,W16-2025
113892.0,2025,20,2025-05-13 00:00:00+00:00,W20-2025
113892.0,2025,21,2025-05-20 00:00:00+00:00,W21-2025
113892.0,2025,22,2025-05-27 00:00:00+00:00,W22-2025
114718.0,2025,8,2025-02-18 00:00:00+00:00,W08-2025
114718.0,2025,9,2025-02-25 00:00:00+00:00,W09-2025
114718.0,2025,10,2025-03-04 00:00:00+00:00,W10-2025
114718.0,2025,11,2025-03-11 00:00:00+00:00,W11-2025
114718.0,2025,12,2025-03-18 00:00:00+00:00,W12-2025
114718.0,2025,13,2025-03-18 00:00:00+00:00,W13-2025
114718.0,2025,14,2025-03-25 00:00:00+00:00,W14-2025
114718.0,2025,15,2025-04-01 00:00:00+00:00,W15-2025
114718.0,2025,16,2025-04-08 00:00:00+00:00,W16-2025
114718.0,2025,17,2025-04-22 00:00:00+00:00,W17-2025
114718.0,2025,18,2025-04-29 00:00:00+00:00,W18-2025
114718.0,2025,19,2025-05-06 00:00:00+00:00,W19-2025
114718.0,2025,20,2025-05-06 00:00:00+00:00,W20-2025
114718.0,2025,21,2025-05-20 00:00:00+00:00,W21-2025
114718.0,2025,22,2025-05-20 00:00:00+00:00,W22-2025
71618.0,2025,8,2025-02-11 00:00:00+00:00,W08-2025
71618.0,2025,9,2025-02-18 00:00:00+00:00,W09-2025
71618.0,2025,10,2025-02-25 00:00:00+00:00,W10-2025
71618.0,2025,11,2025-03-11 00:00:00+00:00,W11-2025
71618.0,2025,12,2025-03-18 00:00:00+00:00,W12-2025
71618.0,2025,13,2025-03-18 00:00:00+00:00,W13-2025
71618.0,2025,14,2025-03-25 00:00:00+00:00,W14-2025
71618.0,2025,15,2025-04-08 00:00:00+00:00,W15-2025
71618.0,2025,16,2025-04-08 00:00:00+00:00,W16-2025
71618.0,2025,18,2025-04-29 00:00:00+00:00,W18-2025
71618.0,2025,19,2025-05-06 00:00:00+00:00,W19-2025
71618.0,2025,20,2025-05-06 00:00:00+00:00,W20-2025
71618.0,2025,21,2025-05-13 00:00:00+00:00,W21-2025
71618.0,2025,22,2025-05-27 00:00:00+00:00,W22-2025
84191.0,2025,8,2025-02-18 00:00:00+00:00,W08-2025
84191.0,2025,9,2025-02-18 00:00:00+00:00,W09-2025
84191.0,2025,10,2025-03-04 00:00:00+00:00,W10-2025
84191.0,2025,11,2025-03-04 00:00:00+00:00,W11-2025
84191.0,2025,12,2025-03-18 00:00:00+00:00,W12-2025
84191.0,2025,13,2025-03-18 00:00:00+00:00,W13-2025
84191.0,2025,14,2025-03-25 00:00:00+00:00,W14-2025
84191.0,2025,15,2025-04-08 00:00:00+00:00,W15-2025
84191.0,2025,16,2025-04-15 00:00:00+00:00,W16-2025
84191.0,2025,17,2025-04-22 00:00:00+00:00,W17-2025
84191.0,2025,18,2025-04-29 00:00:00+00:00,W18-2025
84191.0,2025,19,2025-05-06 00:00:00+00:00,W19-2025
84191.0,2025,20,2025-05-06 00:00:00+00:00,W20-2025
84191.0,2025,21,2025-05-13 00:00:00+00:00,W21-2025
84191.0,2025,26,2025-06-17 00:00:00+00:00,W26-2025
94189.0,2025,11,2025-03-04 00:00:00+00:00,W11-2025
94189.0,2025,15,2025-04-01 00:00:00+00:00,W15-2025
94189.0,2025,16,2025-04-08 00:00:00+00:00,W16-2025
94189.0,2025,18,2025-04-22 00:00:00+00:00,W18-2025
94189.0,2025,19,2025-04-29 00:00:00+00:00,W19-2025
94189.0,2025,20,2025-05-06 00:00:00+00:00,W20-2025
94189.0,2025,21,2025-05-13 00:00:00+00:00,W21-2025
94189.0,2025,24,2025-06-03 00:00:00+00:00,W24-2025
95966.0,2025,8,2025-02-18 00:00:00+00:00,W08-2025
95966.0,2025,9,2025-02-25 00:00:00+00:00,W09-2025
95966.0,2025,10,2025-03-04 00:00:00+00:00,W10-2025
95966.0,2025,11,2025-03-11 00:00:00+00:00,W11-2025
95966.0,2025,12,2025-03-18 00:00:00+00:00,W12-2025
95966.0,2025,13,2025-03-25 00:00:00+00:00,W13-2025
95966.0,2025,14,2025-03-25 00:00:00+00:00,W14-2025
95966.0,2025,15,2025-04-01 00:00:00+00:00,W15-2025
95966.0,2025,16,2025-04-15 00:00:00+00:00,W16-2025
95966.0,2025,18,2025-04-29 00:00:00+00:00,W18-2025
95966.0,2025,19,2025-05-06 00:00:00+00:00,W19-2025
95966.0,2025,20,2025-05-13 00:00:00+00:00,W20-2025
95966.0,2025,21,2025-05-13 00:00:00+00:00,W21-2025
